acid-green;Acid Green;#B0BF1A;69;75;10;65;76;43;86;75;10945
aero;Aero;#7CB9E8;49;73;91;206;70;70;47;91;29961
aero-blue;Aero Blue;#C9FFE5;79;100;90;151;100;89;21;100;8910
african-violet;African Violet;#B284BE;70;52;75;288;31;63;31;75;1269
air-force-blue-raf;Air Force Blue (RAF);#5D8AA8;36;54;66;204;30;51;45;66;7576
air-force-blue-usaf;Air Force Blue (USAF);#00308F;0;19;56;220;100;28;100;56;1187
air-superiority-blue;Air Superiority Blue;#72A0C1;45;63;76;205;39;60;41;76;22574
alabama-crimson;Alabama Crimson;#AF002A;69;0;16;346;100;34;100;69;30834
alice-blue;Alice Blue;#F0F8FF;94;97;100;208;100;97;6;100;1554
alizarin-crimson;Alizarin Crimson;#E32636;89;15;21;355;77;52;83;89;17931
alloy-orange;Alloy Orange;#C46210;77;38;6;27;85;42;92;77;1622
almond;Almond;#EFDECD;94;87;80;30;52;87;14;94;3485
amaranth;Amaranth;#E52B50;90;17;31;348;78;53;81;90;26628
amaranth-deep-purple;Amaranth Deep Purple;#AB274F;67;15;31;342;63;41;77;67;30427
amaranth-pink;Amaranth Pink;#F19CBB;95;61;73;338;75;78;35;95;557
amaranth-purple;Amaranth Purple;#AB274F;67;15;31;342;63;41;77;67;10729
amaranth-red;Amaranth Red;#D3212D;83;13;18;356;73;48;84;83;14355
amazon;Amazon;#3B7A57;23;48;34;147;35;35;52;48;19538
amber;Amber;#FFBF00;100;75;0;45;100;50;100;100;27996
amber-sae-ece;Amber (SAE/ECE);#FF7E00;100;49;0;30;100;50;100;100;4855
american-rose;American Rose;#FF033E;100;1;24;346;100;51;99;100;25406
amethyst;Amethyst;#9966CC;60;40;80;270;50;60;50;80;1796
android-green;Android Green;#A4C639;64;78;22;74;55;50;71;78;13034
anti-flash-white;Anti-Flash White;#F2F3F4;95;95;96;210;8;95;1;96;29845
antique-brass;Antique Brass;#CD9575;80;58;46;22;47;63;43;80;9231
antique-bronze;Antique Bronze;#665D1E;40;36;12;53;55;26;71;40;28857
antique-fuchsia;Antique Fuchsia;#915C83;57;36;51;316;22;46;37;57;4193
antique-ruby;Antique Ruby;#841B2D;52;11;18;350;66;31;80;52;15064
antique-white;Antique White;#FAEBD7;98;92;84;34;78;91;14;98;20207
ao-english;Ao (English);#008000;0;50;0;120;100;25;100;50;28046
apple-green;Apple Green;#8DB600;55;71;0;74;100;36;100;71;28032
apricot;Apricot;#FBCEB1;98;81;69;24;90;84;29;98;31152
aqua;Aqua;#00FFFF;0;100;100;180;100;50;100;100;25239
aquamarine;Aquamarine;#7FFFD4;50;100;83;160;100;75;50;100;4175
arctic-lime;Arctic Lime;#D0FF14;82;100;8;72;100;54;92;100;32421
army-green;Army Green;#4B5320;29;33;13;69;44;23;61;33;48
arsenic;Arsenic;#3B444B;23;27;29;206;12;26;21;29;5362
artichoke;Artichoke;#8F9779;56;59;47;76;13;53;20;59;22228
arylide-yellow;Arylide Yellow;#E9D66B;91;84;42;51;74;67;54;91;30882
ash-grey;Ash Grey;#B2BEB5;70;75;71;135;8;72;6;75;6916
asparagus;Asparagus;#87A96B;53;66;42;93;26;54;37;66;7391
atomic-tangerine;Atomic Tangerine;#FF9966;100;60;40;20;100;70;60;100;32505
auburn;Auburn;#A52A2A;65;16;16;0;59;41;75;65;10402
aureolin;Aureolin;#FDEE00;99;93;0;56;100;50;100;99;1251
aurometalsaurus;AuroMetalSaurus;#6E7F80;43;50;50;183;8;47;14;50;30164
avocado;Avocado;#568203;34;51;1;81;95;26;98;51;10959
azure;Azure;#007FFF;0;50;100;210;100;50;100;100;11981
azure-web-color;Azure (Web Color);#F0FFFF;94;100;100;180;100;97;6;100;11752
azure-mist;Azure Mist;#F0FFFF;94;100;100;180;100;97;6;100;30497
azureish-white;Azureish White;#DBE9F4;86;91;96;206;53;91;10;96;7209
baby-blue;Baby Blue;#89CFF0;54;81;94;199;77;74;43;94;16607
baby-blue-eyes;Baby Blue Eyes;#A1CAF1;63;79;95;209;74;79;33;95;23135
baby-pink;Baby Pink;#F4C2C2;96;76;76;0;69;86;20;96;9005
baby-powder;Baby Powder;#FEFEFA;100;100;98;60;67;99;2;100;29642
baker-miller-pink;Baker-Miller Pink;#FF91AF;100;57;69;344;100;78;43;100;20213
ball-blue;Ball Blue;#21ABCD;13;67;80;192;72;47;84;80;18236
banana-mania;Banana Mania;#FAE7B5;98;91;71;43;87;85;28;98;25731
banana-yellow;Banana Yellow;#FFE135;100;88;21;51;100;60;79;100;24406
bangladesh-green;Bangladesh Green;#006A4E;0;42;31;164;100;21;100;42;533
barbie-pink;Barbie Pink;#E0218A;88;13;54;327;75;50;85;88;13170
barn-red;Barn Red;#7C0A02;49;4;1;4;97;25;98;49;19684
battleship-grey;Battleship Grey;#848482;52;52;51;60;1;51;2;52;28565
bazaar;Bazaar;#98777B;60;47;48;353;14;53;22;60;11554
beau-blue;Beau Blue;#BCD4E6;74;83;90;206;46;82;18;90;12155
beaver;Beaver;#9F8170;62;51;44;22;20;53;30;62;32740
beige;Beige;#F5F5DC;96;96;86;60;56;91;10;96;11208
bdazzled-blue;B'dazzled Blue;#2E5894;18;35;58;215;53;38;69;58;12203
big-dip-o’ruby;Big Dip O’ruby;#9C2542;61;15;26;345;62;38;76;61;5335
bisque;Bisque;#FFE4C4;100;89;77;33;100;88;23;100;668
bistre;Bistre;#3D2B1F;24;17;12;24;33;18;49;24;10318
bistre-brown;Bistre Brown;#967117;59;44;9;43;73;34;85;59;12251
bitter-lemon;Bitter Lemon;#CAE00D;79;88;5;66;89;46;94;88;8059
bitter-lime;Bitter Lime;#BFFF00;75;100;0;75;100;50;100;100;10055
bittersweet;Bittersweet;#FE6F5E;100;44;37;6;99;68;63;100;22653
bittersweet-shimmer;Bittersweet Shimmer;#BF4F51;75;31;32;359;47;53;59;75;9310
black;Black;#000000;0;0;0;—;0;0;0;0;7451
black-bean;Black Bean;#3D0C02;24;5;1;10;94;12;97;24;844
black-leather-jacket;Black Leather Jacket;#253529;15;21;16;135;18;18;30;21;21291
black-olive;Black Olive;#3B3C36;23;24;21;70;5;22;10;24;19203
blanched-almond;Blanched Almond;#FFEBCD;100;92;80;36;100;90;20;100;31342
blast-off-bronze;Blast-Off Bronze;#A57164;65;44;39;12;27;52;39;65;28501
bleu-de-france;Bleu De France;#318CE7;19;55;91;210;79;55;79;91;3043
blizzard-blue;Blizzard Blue;#ACE5EE;67;90;93;188;66;80;28;93;21709
blond;Blond;#FAF0BE;98;94;75;50;86;86;24;98;4738
blue;Blue;#0000FF;0;0;100;240;100;50;100;100;32685
blue-crayola;Blue (Crayola);#1F75FE;12;46;100;217;99;56;88;100;9154
blue-munsell;Blue (Munsell);#0093AF;0;58;69;190;100;34;100;69;22975
blue-ncs;Blue (NCS);#0087BD;0;53;74;197;100;37;100;74;25648
blue-pantone;Blue (Pantone);#0018A8;0;9;66;231;100;33;100;66;792
blue-pigment;Blue (Pigment);#333399;20;20;60;240;50;40;67;60;23508
blue-ryb;Blue (RYB);#0247FE;1;28;100;224;99;50;99;100;6051
blue-bell;Blue Bell;#A2A2D0;64;64;82;240;33;73;22;82;20476
blue-gray;Blue-Gray;#6699CC;40;60;80;210;50;60;50;80;19305
blue-green;Blue-Green;#0D98BA;5;60;73;192;87;39;93;73;17605
blue-lagoon;Blue Lagoon;#5E93A1;37;58;63;193;26;50;41;63;32632
blue-magenta-violet;Blue-Magenta Violet;#553592;33;21;57;261;47;39;64;57;19278
blue-sapphire;Blue Sapphire;#126180;7;38;50;197;75;29;86;50;28813
blue-violet;Blue-Violet;#8A2BE2;54;17;89;271;76;53;81;89;12067
blue-yonder;Blue Yonder;#5072A7;31;45;65;217;35;48;52;65;24613
blueberry;Blueberry;#4F86F7;31;53;97;220;91;64;68;97;29481
bluebonnet;Bluebonnet;#1C1CF0;11;11;94;240;88;53;88;94;22385
blush;Blush;#DE5D83;87;36;51;342;66;62;58;87;4096
bole;Bole;#79443B;47;27;23;9;34;35;51;47;4772
bondi-blue;Bondi Blue;#0095B6;0;58;71;191;100;36;100;71;32440
bone;Bone;#E3DAC9;89;85;79;39;32;84;11;89;26750
boston-university-red;Boston University Red;#CC0000;80;0;0;0;100;40;100;80;14083
bottle-green;Bottle Green;#006A4E;0;42;31;164;100;21;100;42;7124
boysenberry;Boysenberry;#873260;53;20;38;328;46;36;63;53;27594
brandeis-blue;Brandeis Blue;#0070FF;0;44;100;214;100;50;100;100;2606
brass;Brass;#B5A642;71;65;26;52;47;48;64;71;26327
brick-red;Brick Red;#CB4154;80;25;33;352;57;53;68;80;26168
bright-cerulean;Bright Cerulean;#1DACD6;11;67;84;194;76;48;86;84;31107
bright-green;Bright Green;#66FF00;40;100;0;96;100;50;100;100;29370
bright-lavender;Bright Lavender;#BF94E4;75;58;89;272;60;74;35;89;15110
bright-lilac;Bright Lilac;#D891EF;85;57;94;285;75;75;39;94;3078
bright-maroon;Bright Maroon;#C32148;76;13;28;346;71;45;83;76;29287
bright-navy-blue;Bright Navy Blue;#1974D2;10;45;82;210;79;46;88;82;24264
bright-pink;Bright Pink;#FF007F;100;0;50;330;100;50;100;100;26053
bright-turquoise;Bright Turquoise;#08E8DE;3;91;87;177;93;47;97;91;22168
bright-ube;Bright Ube;#D19FE8;82;62;91;281;61;77;31;91;25057
brilliant-azure;Brilliant Azure;#3399FF;20;60;100;210;100;60;80;100;16793
brilliant-lavender;Brilliant Lavender;#F4BBFF;96;73;100;290;100;87;27;100;28219
brilliant-rose;Brilliant Rose;#FF55A3;100;33;64;332;100;67;67;100;12765
brink-pink;Brink Pink;#FB607F;98;38;50;348;95;68;62;98;3330
british-racing-green;British Racing Green;#004225;0;26;15;154;100;13;100;26;13056
bronze;Bronze;#CD7F32;80;50;20;30;61;50;76;80;12629
bronze-yellow;Bronze Yellow;#737000;45;44;0;58;100;23;100;45;22608
brown-traditional;Brown (Traditional);#964B00;59;29;0;30;100;29;100;59;9102
brown-web;Brown (Web);#A52A2A;65;16;16;0;59;41;75;65;24697
brown-nose;Brown-Nose;#6B4423;42;27;14;28;51;28;67;42;14453
brown-yellow;Brown Yellow;#cc9966;80;60;40;30;50;60;50;80;5815
brunswick-green;Brunswick Green;#1B4D3E;11;30;24;162;48;20;65;30;14314
bubble-gum;Bubble Gum;#FFC1CC;100;76;80;349;100;88;24;100;18550
bubbles;Bubbles;#E7FEFF;91;100;100;183;100;95;9;100;10588
buff;Buff;#F0DC82;94;86;51;49;79;73;46;94;13987
bud-green;Bud Green;#7BB661;48;71;38;102;37;55;47;71;12532
bulgarian-rose;Bulgarian Rose;#480607;28;2;3;359;85;15;92;28;24671
burgundy;Burgundy;#800020;50;0;13;345;100;25;100;50;21111
burlywood;Burlywood;#DEB887;87;72;53;34;57;70;39;87;7358
burnt-orange;Burnt Orange;#CC5500;80;33;0;25;100;40;100;80;27277
burnt-sienna;Burnt Sienna;#E97451;91;45;32;14;78;62;65;91;14670
burnt-umber;Burnt Umber;#8A3324;54;20;14;9;59;34;74;54;759
byzantine;Byzantine;#BD33A4;74;20;64;311;58;47;73;74;25617
byzantium;Byzantium;#702963;44;16;39;311;46;30;63;44;11273
cadet;Cadet;#536872;33;41;45;199;16;39;27;45;15869
cadet-blue;Cadet Blue;#5F9EA0;37;62;63;182;25;50;41;63;28695
cadet-grey;Cadet Grey;#91A3B0;57;64;69;205;16;63;18;69;7792
cadmium-green;Cadmium Green;#006B3C;0;42;24;154;100;21;100;42;7365
cadmium-orange;Cadmium Orange;#ED872D;93;53;18;28;84;55;81;93;21980
cadmium-red;Cadmium Red;#E30022;89;0;13;351;100;45;100;89;29960
cadmium-yellow;Cadmium Yellow;#FFF600;100;96;0;58;100;50;100;100;32422
café-au-lait;Café Au Lait;#A67B5B;65;48;36;26;30;50;45;65;6005
café-noir;Café Noir;#4B3621;29;21;13;30;39;21;56;29;25411
cal-poly-green;Cal Poly Green;#1E4D2B;12;30;17;137;44;21;61;30;12420
cambridge-blue;Cambridge Blue;#A3C1AD;64;76;68;140;19;70;16;76;9335
camel;Camel;#C19A6B;76;60;42;33;41;59;45;76;5700
cameo-pink;Cameo Pink;#EFBBCC;94;73;80;340;62;84;22;94;25049
camouflage-green;Camouflage Green;#78866B;47;53;42;91;11;47;20;53;31944
canary-yellow;Canary Yellow;#FFEF00;100;94;0;56;100;50;100;100;14802
candy-apple-red;Candy Apple Red;#FF0800;100;3;0;2;100;50;100;100;16978
candy-pink;Candy Pink;#E4717A;89;44;48;355;68;67;50;89;13629
capri;Capri;#00BFFF;0;75;100;195;100;50;100;100;20617
caput-mortuum;Caput Mortuum;#592720;35;15;13;7;47;24;64;35;31293
cardinal;Cardinal;#C41E3A;77;12;23;350;73;44;85;77;32179
caribbean-green;Caribbean Green;#00CC99;0;80;60;165;100;40;100;80;31205
carmine;Carmine;#960018;59;0;9;350;100;29;100;59;12512
carmine-m&p;Carmine (M&P);#D70040;84;0;25;342;100;42;100;84;11943
carmine-pink;Carmine Pink;#EB4C42;92;30;26;4;81;59;72;92;23108
carmine-red;Carmine Red;#FF0038;100;0;22;347;100;50;100;100;855
carnation-pink;Carnation Pink;#FFA6C9;100;65;79;336;100;83;35;100;19302
carnelian;Carnelian;#B31B1B;70;11;11;0;74;40;85;70;17618
carolina-blue;Carolina Blue;#56A0D3;34;63;83;204;59;58;59;83;15525
carrot-orange;Carrot Orange;#ED9121;93;57;13;33;85;53;86;93;20061
castleton-green;Castleton Green;#00563F;0;34;25;164;100;17;100;34;10467
catalina-blue;Catalina Blue;#062A78;2;16;47;221;90;25;95;47;26798
catawba;Catawba;#703642;44;21;26;348;35;33;52;44;3162
cedar-chest;Cedar Chest;#C95A49;79;35;29;8;54;54;64;79;6394
ceil;Ceil;#92A1CF;57;63;81;225;39;69;29;81;1823
celadon;Celadon;#ACE1AF;67;88;69;123;47;78;24;88;10527
celadon-blue;Celadon Blue;#007BA7;0;48;65;196;100;33;100;65;28374
celadon-green;Celadon Green;#2F847C;18;52;49;174;47;35;64;52;31783
celeste;Celeste;#B2FFFF;70;100;100;180;100;85;30;100;10182
celestial-blue;Celestial Blue;#4997D0;29;59;82;205;59;55;65;82;1611
cerise;Cerise;#DE3163;87;19;39;343;72;53;78;87;24427
cerise-pink;Cerise Pink;#EC3B83;93;23;51;336;82;58;75;93;22602
cerulean;Cerulean;#007BA7;0;48;65;196;100;33;100;65;10946
cerulean-blue;Cerulean Blue;#2A52BE;16;32;75;224;64;45;78;75;30127
cerulean-frost;Cerulean Frost;#6D9BC3;43;61;76;208;42;60;44;76;14883
cg-blue;CG Blue;#007AA5;0;48;65;196;100;32;100;65;10122
cg-red;CG Red;#E03C31;88;24;19;4;74;54;78;88;12161
chamoisee;Chamoisee;#A0785A;63;47;35;26;28;49;44;63;31862
champagne;Champagne;#F7E7CE;97;91;81;37;72;89;17;97;23752
charcoal;Charcoal;#36454F;21;27;31;204;19;26;32;31;10
charleston-green;Charleston Green;#232B2B;14;17;17;180;10;15;19;17;30387
charm-pink;Charm Pink;#E68FAC;90;56;67;340;64;73;38;90;23163
chartreuse-traditional;Chartreuse (Traditional);#DFFF00;87;100;0;68;100;50;100;100;31216
chartreuse-web;Chartreuse (Web);#7FFF00;50;100;0;90;100;50;100;100;10131
cherry;Cherry;#DE3163;87;19;39;343;72;53;78;87;2339
cherry-blossom-pink;Cherry Blossom Pink;#FFB7C5;100;72;77;348;100;86;28;100;21556
chestnut;Chestnut;#954535;58;27;21;10;48;40;64;58;10986
china-pink;China Pink;#DE6FA1;87;44;63;333;63;65;50;87;21641
china-rose;China Rose;#A8516E;66;32;43;340;35;49;52;66;6406
chinese-red;Chinese Red;#AA381E;67;22;12;11;70;39;82;67;26511
chinese-violet;Chinese Violet;#856088;52;38;53;296;17;45;29;53;8934
chocolate-traditional;Chocolate (Traditional);#7B3F00;48;25;0;31;100;24;100;48;16873
chocolate-web;Chocolate (Web);#D2691E;82;41;12;25;75;47;86;82;20542
chrome-yellow;Chrome Yellow;#FFA700;100;65;0;39;100;50;100;100;12096
cinereous;Cinereous;#98817B;60;51;48;12;12;54;19;60;23267
cinnabar;Cinnabar;#E34234;89;26;20;5;76;55;77;89;22365
cinnamon;Cinnamon[Citation Needed];#D2691E;82;41;12;25;75;47;86;82;22623
citrine;Citrine;#E4D00A;89;82;4;54;92;47;96;89;18873
citron;Citron;#9FA91F;62;66;12;64;69;39;82;66;21380
claret;Claret;#7F1734;50;9;20;343;69;29;82;50;37
classic-rose;Classic Rose;#FBCCE7;98;80;91;326;85;89;19;98;20484
cobalt-blue;Cobalt Blue;#0047AB;0;28;67;215;100;34;100;67;13039
cocoa-brown;Cocoa Brown;#D2691E;82;41;12;25;75;47;86;82;22639
coconut;Coconut;#965A3E;59;35;24;19;42;42;59;59;31431
coffee;Coffee;#6F4E37;44;31;22;25;34;33;50;44;10398
columbia-blue;Columbia Blue;#C4D8E2;77;85;89;200;34;83;13;89;4755
congo-pink;Congo Pink;#F88379;97;51;47;5;90;72;51;97;8785
cool-black;Cool Black;#002E63;0;18;39;212;100;19;100;38;22559
cool-grey;Cool Grey;#8C92AC;55;57;67;229;16;61;19;67;3849
copper;Copper;#B87333;72;45;20;29;57;46;72;72;32537
copper-crayola;Copper (Crayola);#DA8A67;85;54;40;18;61;63;53;85;22570
copper-penny;Copper Penny;#AD6F69;68;44;41;5;29;55;39;68;1468
copper-red;Copper Red;#CB6D51;80;43;32;14;54;56;60;80;22933
copper-rose;Copper Rose;#996666;60;40;40;0;20;50;33;60;21018
coquelicot;Coquelicot;#FF3800;100;22;0;13;100;50;100;100;11599
coral;Coral;#FF7F50;100;50;31;16;100;66;69;100;25272
coral-pink;Coral Pink;#F88379;97;51;47;5;90;72;51;97;9806
coral-red;Coral Red;#FF4040;100;25;25;0;100;63;75;100;22585
cordovan;Cordovan;#893F45;54;25;27;355;37;39;54;54;14145
corn;Corn;#FBEC5D;98;93;36;54;95;67;63;98;16213
cornell-red;Cornell Red;#B31B1B;70;11;11;0;74;40;85;70;16328
cornflower-blue;Cornflower Blue;#6495ED;39;58;93;219;79;66;58;93;23079
cornsilk;Cornsilk;#FFF8DC;100;97;86;48;100;93;14;100;318
cosmic-latte;Cosmic Latte;#FFF8E7;100;97;91;43;100;95;9;100;4102
coyote-brown;Coyote Brown;#81613e;51;38;24;62;37;37;52;51;2407
cotton-candy;Cotton Candy;#FFBCD9;100;74;85;334;100;87;26;100;23586
cream;Cream;#FFFDD0;100;99;82;57;100;91;18;100;26467
crimson;Crimson;#DC143C;86;8;24;348;83;47;91;86;25030
crimson-glory;Crimson Glory;#BE0032;75;0;20;344;100;37;100;75;9691
crimson-red;Crimson Red;#990000;60;0;0;0;100;30;100;60;15080
cyan;Cyan;#00FFFF;0;100;100;180;100;50;100;100;25068
cyan-azure;Cyan Azure;#4E82b4;31;51;71;209;41;51;57;71;30176
cyan-blue-azure;Cyan-Blue Azure;#4682BF;27;51;75;210;49;51;63;75;28119
cyan-cobalt-blue;Cyan Cobalt Blue;#28589C;16;35;61;215;59;38;74;61;14939
cyan-cornflower-blue;Cyan Cornflower Blue;#188BC2;9;55;76;199;78;43;88;76;28839
cyan-process;Cyan (Process);#00B7EB;0;72;92;193;100;46;100;92;5750
cyber-grape;Cyber Grape;#58427C;35;26;49;263;31;37;47;49;19694
cyber-yellow;Cyber Yellow;#FFD300;100;83;0;50;100;50;100;100;4856
daffodil;Daffodil;#FFFF31;100;100;19;60;100;60;81;100;28309
dandelion;Dandelion;#F0E130;94;88;19;55;86;56;80;94;23543
dark-blue;Dark Blue;#00008B;0;0;55;240;100;27;100;55;4626
dark-blue-gray;Dark Blue-Gray;#666699;40;40;60;240;20;50;33;60;18111
dark-brown;Dark Brown;#654321;40;26;13;30;51;26;67;40;25011
dark-brown-tangelo;Dark Brown-Tangelo;#88654E;53;40;31;24;27;42;43;53;27559
dark-byzantium;Dark Byzantium;#5D3954;36;22;33;315;24;29;39;36;6361
dark-candy-apple-red;Dark Candy Apple Red;#A40000;64;0;0;0;100;32;100;64;3842
dark-cerulean;Dark Cerulean;#08457E;3;27;49;209;88;26;94;49;20063
dark-chestnut;Dark Chestnut;#986960;60;41;38;10;23;49;37;60;16168
dark-coral;Dark Coral;#CD5B45;80;36;27;10;58;54;66;80;26427
dark-cyan;Dark Cyan;#008B8B;0;55;55;180;100;27;100;55;1440
dark-electric-blue;Dark Electric Blue;#536878;33;41;47;206;18;40;31;47;32381
dark-goldenrod;Dark Goldenrod;#B8860B;72;53;4;43;89;38;94;72;9988
dark-gray-x11;Dark Gray (X11);#A9A9A9;66;66;66;—;0;66;0;66;24519
dark-green;Dark Green;#013220;0;20;13;158;96;10;98;20;32699
dark-green-x11;Dark Green (X11);#006400;0;39;0;120;100;20;100;39;14090
dark-gunmetal;Dark Gunmetal;#006400;12;15;16;202;15;14;26;16;26926
dark-imperial-blue;Dark Imperial Blue;#00416A;0;25;42;203;100;21;100;42;23517
dark-jungle-green;Dark Jungle Green;#1A2421;10;14;13;162;16;12;28;14;7790
dark-khaki;Dark Khaki;#BDB76B;74;72;42;56;38;58;43;74;19188
dark-lava;Dark Lava;#483C32;28;24;20;27;18;24;31;28;441
dark-lavender;Dark Lavender;#734F96;45;31;59;270;31;45;47;59;22870
dark-liver;Dark Liver;#534B4F;33;29;31;330;5;31;10;33;11488
dark-liver-horses;Dark Liver (Horses);#543D37;33;24;22;12;21;27;35;33;30617
dark-magenta;Dark Magenta;#8B008B;55;0;55;300;100;27;100;55;18221
dark-medium-gray;Dark Medium Gray;#A9A9A9;66;66;66;—;0;66;0;66;26428
dark-midnight-blue;Dark Midnight Blue;#003366;0;20;40;210;100;20;100;40;26688
dark-moss-green;Dark Moss Green;#4A5D23;29;36;14;80;45;25;62;36;23971
dark-olive-green;Dark Olive Green;#556B2F;33;42;18;82;39;30;56;42;13354
dark-orange;Dark Orange;#FF8C00;100;55;0;33;100;50;100;100;31544
dark-orchid;Dark Orchid;#9932CC;60;20;80;280;61;50;75;80;19513
dark-pastel-blue;Dark Pastel Blue;#779ECB;47;62;80;212;45;63;41;80;4130
dark-pastel-green;Dark Pastel Green;#03C03C;1;75;24;138;97;38;98;75;3402
dark-pastel-purple;Dark Pastel Purple;#966FD6;59;44;84;263;56;64;48;84;4856
dark-pastel-red;Dark Pastel Red;#C23B22;76;23;13;9;70;45;82;76;29141
dark-pink;Dark Pink;#E75480;91;33;50;342;75;62;64;91;30961
dark-powder-blue;Dark Powder Blue;#003399;0;20;60;220;100;30;100;60;11218
dark-puce;Dark Puce;#4F3A3C;31;23;24;354;15;27;27;31;216
dark-purple;Dark Purple;#301934;19;10;20;291;35;15;51;20;18256
dark-raspberry;Dark Raspberry;#872657;53;15;34;330;56;34;72;53;27386
dark-red;Dark Red;#8B0000;55;0;0;0;100;27;100;55;26643
dark-salmon;Dark Salmon;#E9967A;91;59;48;15;72;70;48;91;19696
dark-scarlet;Dark Scarlet;#560319;34;1;10;344;93;17;97;34;26999
dark-sea-green;Dark Sea Green;#8FBC8F;56;74;56;120;25;65;24;74;3863
dark-sienna;Dark Sienna;#3C1414;24;8;8;0;50;16;67;24;11447
dark-sky-blue;Dark Sky Blue;#8CBED6;55;75;84;199;47;69;35;84;26930
dark-slate-blue;Dark Slate Blue;#483D8B;28;24;55;248;39;39;56;55;17954
dark-slate-gray;Dark Slate Gray;#2F4F4F;18;31;31;180;25;25;41;31;5605
dark-spring-green;Dark Spring Green;#177245;9;45;27;150;66;27;80;45;17680
dark-tan;Dark Tan;#918151;57;51;32;45;28;44;44;57;25744
dark-tangerine;Dark Tangerine;#FFA812;100;66;7;38;100;54;93;100;24794
dark-taupe;Dark Taupe;#483C32;28;24;20;27;18;24;31;28;18121
dark-terra-cotta;Dark Terra Cotta;#CC4E5C;80;31;36;353;55;55;62;80;15846
dark-turquoise;Dark Turquoise;#00CED1;0;81;82;181;100;41;100;82;3514
dark-vanilla;Dark Vanilla;#D1BEA8;82;75;66;32;31;74;20;82;15970
dark-violet;Dark Violet;#9400D3;58;0;83;282;100;41;100;83;1299
dark-yellow;Dark Yellow;#9B870C;61;53;5;52;86;33;92;61;29942
dartmouth-green;Dartmouth Green;#00703C;0;44;24;152;100;22;100;44;9890
davys-grey;Davy's Grey;#555555;33;33;33;—;0;33;0;33;25271
debian-red;Debian Red;#D70A53;84;4;33;339;91;44;95;84;10529
deep-aquamarine;Deep Aquamarine;#40826D;25;51;43;161;34;38;51;51;8666
deep-carmine;Deep Carmine;#A9203E;66;13;24;347;68;39;81;66;12016
deep-carmine-pink;Deep Carmine Pink;#EF3038;94;19;22;357;86;56;80;94;14659
deep-carrot-orange;Deep Carrot Orange;#E9692C;91;41;17;19;81;54;81;91;12069
deep-cerise;Deep Cerise;#DA3287;85;20;53;330;69;53;77;85;16872
deep-champagne;Deep Champagne;#FAD6A5;98;84;65;35;90;81;34;98;11032
deep-chestnut;Deep Chestnut;#B94E48;73;31;28;3;45;50;61;73;10262
deep-coffee;Deep Coffee;#704241;44;26;25;1;27;35;42;44;28090
deep-fuchsia;Deep Fuchsia;#C154C1;76;33;76;300;47;54;56;76;11248
deep-green;Deep Green;#056608;2;40;3;122;91;21;95;40;28519
deep-green-cyan-turquoise;Deep Green-Cyan Turquoise;#0E7C61;5;49;38;165;80;27;89;49;22708
deep-jungle-green;Deep Jungle Green;#004B49;0;29;29;178;100;15;100;29;5124
deep-koamaru;Deep Koamaru;#333366;20;20;40;240;33;30;50;40;15447
deep-lemon;Deep Lemon;#F5C71A;96;78;10;47;92;53;89;96;16939
deep-lilac;Deep Lilac;#9955BB;60;33;73;280;43;53;55;73;8987
deep-magenta;Deep Magenta;#CC00CC;80;0;80;300;100;40;100;80;26895
deep-maroon;Deep Maroon;#820000;51;0;0;0;100;26;100;51;11102
deep-mauve;Deep Mauve;#D473D4;83;45;83;300;53;64;46;83;26941
deep-moss-green;Deep Moss Green;#355E3B;21;37;23;129;28;29;44;37;32500
deep-peach;Deep Peach;#FFCBA4;100;80;64;26;100;82;36;100;28782
deep-pink;Deep Pink;#FF1493;100;8;58;328;100;54;92;100;19917
deep-puce;Deep Puce;#A95C68;66;36;41;351;31;51;46;66;24526
deep-red;Deep Red;#850101;52;0;0;0;99;26;99;52;14135
deep-ruby;Deep Ruby;#843F5B;52;25;36;336;35;38;52;52;2995
deep-saffron;Deep Saffron;#FF9933;100;60;20;30;100;60;80;100;28041
deep-sky-blue;Deep Sky Blue;#00BFFF;0;75;100;195;100;50;100;100;30105
deep-space-sparkle;Deep Space Sparkle;#4A646C;29;39;42;194;19;36;31;42;4295
deep-spring-bud;Deep Spring Bud;#556B2F;33;42;18;82;39;30;56;42;25215
deep-taupe;Deep Taupe;#7E5E60;49;37;38;356;15;43;25;49;7227
deep-tuscan-red;Deep Tuscan Red;#66424D;40;26;30;342;21;33;35;40;29566
deep-violet;Deep Violet;#330066;20;0;40;270;100;20;100;40;2976
deer;Deer;#BA8759;73;53;35;28;41;54;52;73;15893
denim;Denim;#1560BD;8;38;74;213;80;41;89;74;8814
desaturated-cyan;Desaturated Cyan;#669999;40;60;60;180;20;50;33;60;17635
desert;Desert;#C19A6B;76;60;42;33;41;59;45;76;27962
desert-sand;Desert Sand;#EDC9AF;93;79;69;25;63;81;26;93;25686
desire;Desire;#EA3C53;92;24;33;352;81;58;74;92;28668
diamond;Diamond;#B9F2FF;73;95;100;191;100;86;27;100;5457
dim-gray;Dim Gray;#696969;41;41;41;—;0;41;0;41;21009
dirt;Dirt;#9B7653;61;46;33;29;30;47;46;61;7148
dodger-blue;Dodger Blue;#1E90FF;12;56;100;210;100;56;88;100;1208
dogwood-rose;Dogwood Rose;#D71868;84;9;41;335;80;47;89;84;10949
dollar-bill;Dollar Bill;#85BB65;52;73;40;98;39;56;46;73;12272
donkey-brown;Donkey Brown;#664C28;40;30;16;35;44;28;61;40;16655
drab;Drab;#967117;59;44;9;43;73;34;85;59;27889
duke-blue;Duke Blue;#00009C;0;0;61;240;100;31;100;61;21260
dust-storm;Dust Storm;#E5CCC9;90;80;79;6;35;84;12;90;10782
dutch-white;Dutch White;#EFDFBB;94;87;73;42;62;84;22;94;6223
earth-yellow;Earth Yellow;#E1A95F;88;66;37;34;68;63;58;88;15433
ebony;Ebony;#555D50;33;36;31;97;8;34;14;36;10515
ecru;Ecru;#C2B280;76;70;50;45;35;63;34;76;2237
eerie-black;Eerie Black;#1B1B1B;11;11;11;—;0;11;0;11;2583
eggplant;Eggplant;#614051;38;25;32;329;20;32;34;38;2273
eggshell;Eggshell;#F0EAD6;94;92;84;46;46;89;11;94;16372
egyptian-blue;Egyptian Blue;#1034A6;6;20;65;226;82;36;90;65;5578
electric-blue;Electric Blue;#7DF9FF;49;98;100;183;100;75;51;100;30314
electric-crimson;Electric Crimson;#FF003F;100;0;25;345;100;50;100;100;13709
electric-cyan;Electric Cyan;#00FFFF;0;100;100;180;100;50;100;100;9873
electric-green;Electric Green;#00FF00;0;100;0;120;100;50;100;100;22762
electric-indigo;Electric Indigo;#6F00FF;44;0;100;266;100;50;100;100;20936
electric-lavender;Electric Lavender;#F4BBFF;96;73;100;290;100;87;27;100;6671
electric-lime;Electric Lime;#CCFF00;80;100;0;72;100;50;100;100;25738
electric-purple;Electric Purple;#BF00FF;75;0;100;285;100;50;100;100;4061
electric-ultramarine;Electric Ultramarine;#3F00FF;25;0;100;255;100;50;100;100;15485
electric-violet;Electric Violet;#8F00FF;56;0;100;274;100;50;100;100;10606
electric-yellow;Electric Yellow;#FFFF33;100;100;20;60;100;60;80;100;32024
emerald;Emerald;#50C878;31;78;47;140;52;55;60;78;8404
eminence;Eminence;#6C3082;42;19;51;284;46;35;63;51;6506
english-green;English Green;#1B4D3E;11;30;24;162;48;20;65;30;4713
english-lavender;English Lavender;#B48395;71;51;58;338;25;61;27;71;29413
english-red;English Red;#AB4B52;67;29;32;356;39;48;56;67;13654
english-violet;English Violet;#563C5C;34;24;36;289;21;30;35;36;5921
eton-blue;Eton Blue;#96C8A2;59;78;64;134;31;69;25;78;7594
eucalyptus;Eucalyptus;#44D7A8;27;84;66;161;65;55;68;84;25927
fallow;Fallow;#C19A6B;76;60;42;33;41;59;45;76;22576
falu-red;Falu Red;#801818;50;9;9;0;68;30;81;50;2715
fandango;Fandango;#B53389;71;20;54;320;56;45;72;71;14419
fandango-pink;Fandango Pink;#DE5285;87;32;52;338;68;60;63;87;591
fashion-fuchsia;Fashion Fuchsia;#F400A1;96;0;63;320;100;48;100;96;8938
fawn;Fawn;#E5AA70;90;67;44;30;69;67;51;90;29852
feldgrau;Feldgrau;#4D5D53;30;36;33;143;9;33;17;36;11106
feldspar;Feldspar;#FDD5B1;99;84;69;28;95;84;30;99;11175
fern-green;Fern Green;#4F7942;31;47;26;106;29;37;45;47;32435
ferrari-red;Ferrari Red;#FF2800;100;16;0;9;100;50;100;100;13379
field-drab;Field Drab;#6C541E;42;33;12;42;57;27;72;42;27547
firebrick;Firebrick;#B22222;70;13;13;0;68;42;81;70;5246
fire-engine-red;Fire Engine Red;#CE2029;81;13;16;357;73;47;84;81;10926
flame;Flame;#E25822;89;35;13;17;77;51;85;89;8488
flamingo-pink;Flamingo Pink;#FC8EAC;99;56;67;344;95;77;44;99;15119
flattery;Flattery;#6B4423;42;27;14;28;51;28;67;42;920
flavescent;Flavescent;#F7E98E;97;91;56;52;87;76;43;97;29424
flax;Flax;#EEDC82;93;86;51;50;76;72;45;93;21791
flirt;Flirt;#A2006D;64;0;43;320;100;32;100;64;26658
floral-white;Floral White;#FFFAF0;100;98;94;40;100;97;6;100;718
fluorescent-orange;Fluorescent Orange;#FFBF00;100;75;0;45;100;50;100;100;4508
fluorescent-pink;Fluorescent Pink;#FF1493;100;8;58;328;100;54;92;100;4496
fluorescent-yellow;Fluorescent Yellow;#CCFF00;80;100;0;72;100;50;100;100;32742
folly;Folly;#FF004F;100;0;31;341;100;50;100;100;12912
forest-green-traditional;Forest Green (Traditional);#014421;0;27;13;149;97;14;99;27;11002
forest-green-web;Forest Green (Web);#228B22;13;55;13;120;61;34;76;55;4687
french-beige;French Beige;#A67B5B;65;48;36;26;30;50;45;65;9557
french-bistre;French Bistre;#856D4D;52;43;30;34;27;41;42;52;24657
french-blue;French Blue;#0072BB;0;45;73;203;100;37;100;73;10608
french-fuchsia;French Fuchsia;#FD3F92;99;25;57;334;98;62;75;99;17152
french-lilac;French Lilac;#86608E;53;38;56;290;19;47;32;56;17816
french-lime;French Lime;#9EFD38;62;99;22;89;98;61;78;99;416
french-mauve;French Mauve;#D473D4;83;45;83;300;53;64;46;83;19867
french-pink;French Pink;#FD6C9E;99;42;62;339;97;71;57;99;32235
french-plum;French Plum;#811453;51;8;33;325;73;29;84;51;1007
french-puce;French Puce;#4E1609;31;9;4;11;79;17;88;31;28806
french-raspberry;French Raspberry;#C72C48;78;17;28;349;64;48;78;78;29319
french-rose;French Rose;#F64A8A;96;29;54;338;91;63;70;96;12113
french-sky-blue;French Sky Blue;#77B5FE;47;71;100;212;99;73;53;100;7213
french-violet;French Violet;#8806CE;53;2;81;279;94;42;97;81;28987
french-wine;French Wine;#AC1E44;67;12;27;344;70;40;83;67;25493
fresh-air;Fresh Air;#A6E7FF;65;91;100;196;100;83;35;100;1993
fuchsia;Fuchsia;#FF00FF;100;0;100;300;100;50;100;100;1465
fuchsia-crayola;Fuchsia (Crayola);#C154C1;76;33;76;300;47;54;56;76;3651
fuchsia-pink;Fuchsia Pink;#FF77FF;100;47;100;300;100;73;53;100;10481
fuchsia-purple;Fuchsia Purple;#CC397B;80;22;48;333;59;51;72;80;16584
fuchsia-rose;Fuchsia Rose;#C74375;78;26;46;337;54;52;66;78;4571
fulvous;Fulvous;#E48400;89;52;0;35;100;45;100;89;7138
fuzzy-wuzzy;Fuzzy Wuzzy;#CC6666;80;40;40;0;50;60;50;80;5607
gainsboro;Gainsboro;#DCDCDC;86;86;86;0;0;86;0;86;31229
gamboge;Gamboge;#E49B0F;89;61;6;39;88;48;93;89;7856
gamboge-orange-brown;Gamboge Orange (Brown);#996600;60;40;0;40;100;30;100;60;10116
generic-viridian;Generic Viridian;#007F66;0;50;40;168;100;25;100;50;2958
ghost-white;Ghost White;#F8F8FF;97;97;100;240;100;99;3;100;7830
giants-orange;Giants Orange;#FE5A1D;100;35;11;16;99;55;89;100;23028
glaucous;Glaucous;#6082B6;38;51;71;216;37;55;47;71;13960
glitter;Glitter;#E6E8FA;90;91;98;234;67;94;8;98;12517
go-green;GO Green;#00AB66;0;67;40;156;100;34;100;67;32586
gold-metallic;Gold (Metallic);#D4AF37;83;69;22;46;65;52;74;83;5849
gold-web-golden;Gold (Web) (Golden);#FFD700;100;84;0;51;100;50;100;100;23125
gold-fusion;Gold Fusion;#85754E;52;46;31;43;26;41;41;52;16970
golden-brown;Golden Brown;#996515;60;40;8;36;76;34;86;60;23665
golden-poppy;Golden Poppy;#FCC200;99;76;0;46;100;49;100;99;23541
golden-yellow;Golden Yellow;#FFDF00;100;87;0;52;100;50;100;100;4069
goldenrod;Goldenrod;#DAA520;85;65;13;43;74;49;85;85;23132
granny-smith-apple;Granny Smith Apple;#A8E4A0;66;89;63;113;56;76;30;89;24549
grape;Grape;#6F2DA8;44;18;66;272;58;42;73;66;107
grussrel;Grussrel;#B06500;69;40;0;34;100;35;100;69;19684
gray;Gray;#808080;50;50;50;0;0;50;0;50;3894
gray-html-css-gray;Gray (HTML/CSS Gray);#808080;50;50;50;0;0;50;0;50;7321
gray-x11-gray;Gray (X11 Gray);#BEBEBE;75;75;75;0;0;75;0;75;15903
gray-asparagus;Gray-Asparagus;#465945;27;35;27;117;13;31;22;35;29387
gray-blue;Gray-Blue;#8C92AC;55;57;67;229;16;61;19;67;9314
green-color-wheel-x11-green;Green (Color Wheel) (X11 Green);#00FF00;0;100;0;120;100;50;100;100;17368
green-crayola;Green (Crayola);#1CAC78;11;67;47;158;72;39;84;67;270
green-html-css-color;Green (HTML/CSS Color);#008000;0;50;0;120;100;25;100;50;19795
green-munsell;Green (Munsell);#00A877;0;66;47;163;100;33;100;66;1184
green-ncs;Green (NCS);#009F6B;0;62;42;160;100;31;100;62;4841
green-pantone;Green (Pantone);#00AD43;0;68;26;143;100;34;100;68;26933
green-pigment;Green (Pigment);#00A550;0;65;31;149;100;32;100;65;6792
green-ryb;Green (RYB);#66B032;40;69;20;95;56;44;72;69;3303
green-blue;Green-Blue;#1164B4;7;39;71;209;83;39;91;71;2021
green-cyan;Green-Cyan;#009966;0;60;40;160;100;30;100;60;16908
green-yellow;Green-Yellow;#ADFF2F;68;100;18;84;100;59;82;100;6261
grizzly;Grizzly;#885818;53;35;9;34;70;31;82;53;9851
grullo;Grullo;#A99A86;66;60;53;34;17;59;21;66;7168
guppie-green;Guppie Green;#00FF7F;0;100;50;150;100;50;100;100;20221
gunmetal;Gunmetal;#2a3439;16;20;22;200;15;19;15;19;22368
halayà-Úbe;Halayà Úbe;#663854;40;22;33;323;29;31;45;40;6986
han-blue;Han Blue;#446CCF;27;42;81;223;59;54;67;81;26071
han-purple;Han Purple;#5218FA;32;9;98;255;96;54;90;98;12725
hansa-yellow;Hansa Yellow;#E9D66B;91;84;42;51;74;67;54;91;23956
harlequin;Harlequin;#3FFF00;25;100;0;105;100;50;100;100;16968
harlequin-green;Harlequin Green;#46CB18;27;80;9;105;79;45;88;80;3499
harvard-crimson;Harvard Crimson;#C90016;79;0;9;353;100;39;100;79;28026
harvest-gold;Harvest Gold;#DA9100;85;57;0;40;100;43;100;85;7333
heart-gold;Heart Gold;#808000;50;50;0;60;100;25;100;50;28048
heliotrope;Heliotrope;#DF73FF;87;45;100;286;100;73;55;100;28133
heliotrope-gray;Heliotrope Gray;#AA98A9;67;60;66;303;10;63;11;67;27017
heliotrope-magenta;Heliotrope Magenta;#AA00BB;67;0;73;295;100;37;100;73;31942
hollywood-cerise;Hollywood Cerise;#F400A1;96;0;63;320;100;48;100;96;2686
honeydew;Honeydew;#F0FFF0;94;100;94;120;100;97;6;100;10152
honolulu-blue;Honolulu Blue;#006DB0;0;43;69;203;100;35;100;69;28562
hookers-green;Hooker's Green;#49796B;29;47;42;163;25;38;40;47;12000
hot-magenta;Hot Magenta;#FF1DCE;100;11;81;313;100;56;89;100;27520
hot-pink;Hot Pink;#FF69B4;100;41;71;330;100;71;59;100;28832
hunter-green;Hunter Green;#355E3B;21;37;23;129;28;29;44;37;31796
iceberg;Iceberg;#71A6D2;44;65;82;207;52;63;46;82;28704
icterine;Icterine;#FCF75E;99;97;37;58;96;68;63;99;906
illuminating-emerald;Illuminating Emerald;#319177;19;57;47;164;49;38;66;57;25961
imperial;Imperial;#602F6B;38;18;42;289;39;30;56;42;2728
imperial-blue;Imperial Blue;#002395;0;14;58;226;100;29;100;58;4209
imperial-purple;Imperial Purple;#66023C;40;1;24;325;96;20;98;40;27983
imperial-red;Imperial Red;#ED2939;93;16;22;355;84;55;83;93;19636
inchworm;Inchworm;#B2EC5D;70;93;36;84;79;65;61;93;10470
independence;Independence;#4C516D;30;32;43;231;18;36;30;43;5066
india-green;India Green;#138808;7;53;3;115;89;28;94;53;26805
indian-red;Indian Red;#CD5C5C;80;36;36;0;53;58;55;80;30691
indian-yellow;Indian Yellow;#E3A857;89;66;34;35;71;62;62;89;27435
indigo;Indigo;#6F00FF;44;0;100;266;100;50;100;100;1023
indigo-dye;Indigo Dye;#091F92;4;12;57;230;88;30;94;57;23994
indigo-web;Indigo (Web);#4B0082;29;0;51;275;100;25;100;51;7392
international-klein-blue;International Klein Blue;#002FA7;0;18;65;223;100;33;100;65;24980
international-orange-aerospace;International Orange (Aerospace);#FF4F00;100;31;0;19;100;50;100;100;8195
international-orange-engineering;International Orange (Engineering);#BA160C;73;9;5;3;88;39;94;73;10891
international-orange-golden-gate-bridge;International Orange (Golden Gate Bridge);#C0362C;75;21;17;4;63;46;77;75;20238
iris;Iris;#5A4FCF;35;31;81;245;57;56;62;81;15528
irresistible;Irresistible;#B3446C;70;27;42;338;45;48;62;70;6171
isabelline;Isabelline;#F4F0EC;96;94;93;30;27;94;3;96;15603
islamic-green;Islamic Green;#009000;0;56;0;120;100;28;100;56;9777
italian-sky-blue;Italian Sky Blue;#B2FFFF;70;100;100;180;100;85;30;100;5346
ivory;Ivory;#FFFFF0;100;100;94;60;100;97;6;100;18290
jade;Jade;#00A86B;0;66;42;158;100;33;100;66;19929
japanese-carmine;Japanese Carmine;#9D2933;62;16;20;355;59;39;74;62;1140
japanese-indigo;Japanese Indigo;#264348;15;26;28;189;31;22;47;28;30290
japanese-violet;Japanese Violet;#5B3256;36;20;34;307;29;28;45;36;14681
jasmine;Jasmine;#F8DE7E;97;87;49;47;90;73;49;97;29972
jasper;Jasper;#D73B3E;84;23;24;359;66;54;73;84;29318
jazzberry-jam;Jazzberry Jam;#A50B5E;65;4;37;328;88;35;93;65;10617
jelly-bean;Jelly Bean;#DA614E;85;38;31;8;65;58;64;85;30878
jet;Jet;#343434;20;20;20;—;0;20;0;20;22512
jonquil;Jonquil;#F4CA16;96;79;9;49;91;52;91;96;13346
jordy-blue;Jordy Blue;#8AB9F1;54;73;95;213;79;74;43;95;2319
june-bud;June Bud;#BDDA57;74;85;34;73;64;60;60;85;17727
jungle-green;Jungle Green;#29AB87;16;67;53;163;61;42;76;67;214
kelly-green;Kelly Green;#4CBB17;30;73;9;101;78;41;88;73;12789
kenyan-copper;Kenyan Copper;#7C1C05;49;11;2;12;92;25;96;49;22793
keppel;Keppel;#3AB09E;23;69;62;171;50;46;67;69;27019
jawad-chicken-color-html-css-khaki;Jawad/Chicken Color (HTML/CSS) (Khaki);#C3B091;76;69;57;37;29;67;26;76;10713
khaki-x11-light-khaki;Khaki (X11) (Light Khaki);#F0E68C;94;90;55;54;77;75;42;94;17460
kobe;Kobe;#882D17;53;18;9;12;71;31;83;53;28043
kobi;Kobi;#E79FC4;91;62;77;329;60;76;31;91;1939
kombu-green;Kombu Green;#354230;21;26;19;103;16;22;27;26;24853
ku-crimson;KU Crimson;#E8000D;91;0;5;357;100;45;100;91;20255
la-salle-green;La Salle Green;#087830;3;47;19;141;88;25;93;47;10134
languid-lavender;Languid Lavender;#D6CADD;84;79;87;278;22;83;9;87;2976
lapis-lazuli;Lapis Lazuli;#26619C;15;38;61;210;61;38;76;61;7725
laser-lemon;Laser Lemon;#FFFF66;100;100;40;60;100;70;60;100;25662
laurel-green;Laurel Green;#A9BA9D;66;73;62;95;17;67;16;73;9148
lava;Lava;#CF1020;81;6;13;355;86;44;92;81;23328
lavender-floral;Lavender (Floral);#B57EDC;71;49;86;275;57;68;43;86;2671
lavender-web;Lavender (Web);#E6E6FA;90;90;98;240;67;94;8;98;14494
lavender-blue;Lavender Blue;#CCCCFF;80;80;100;240;100;90;20;100;8850
lavender-blush;Lavender Blush;#FFF0F5;100;94;96;340;100;97;6;100;22600
lavender-gray;Lavender Gray;#C4C3D0;77;76;82;245;12;79;6;82;15634
lavender-indigo;Lavender Indigo;#9457EB;58;34;92;265;79;63;63;92;6373
lavender-magenta;Lavender Magenta;#EE82EE;93;51;93;300;76;72;45;93;4513
lavender-mist;Lavender Mist;#E6E6FA;90;90;98;240;67;94;8;98;12838
lavender-pink;Lavender Pink;#FBAED2;98;68;82;332;91;83;31;98;2923
lavender-purple;Lavender Purple;#967BB6;59;48;71;267;29;60;32;71;15131
lavender-rose;Lavender Rose;#FBA0E3;98;63;89;316;92;81;36;98;10949
lawn-green;Lawn Green;#7CFC00;49;99;0;90;100;49;100;99;25435
lemon;Lemon;#FFF700;100;97;0;58;100;50;100;100;28477
lemon-chiffon;Lemon Chiffon;#FFFACD;100;98;80;54;100;90;20;100;13268
lemon-curry;Lemon Curry;#CCA01D;80;63;11;45;75;46;86;80;10394
lemon-glacier;Lemon Glacier;#FDFF00;99;100;0;60;100;50;100;100;28691
lemon-lime;Lemon Lime;#E3FF00;89;100;0;67;100;50;100;100;26058
lemon-meringue;Lemon Meringue;#F6EABE;96;92;75;47;76;85;23;96;420
lemon-yellow;Lemon Yellow;#FFF44F;100;96;31;56;100;65;69;100;22943
lenurple;Lenurple;#BA93D8;73;58;85;274;47;71;32;85;4003
licorice;Licorice;#1A1110;10;7;6;6;24;8;38;10;17880
liberty;Liberty;#545AA7;33;35;65;236;33;49;50;65;18218
light-apricot;Light Apricot;#FDD5B1;99;84;69;28;95;84;30;99;5942
light-blue;Light Blue;#ADD8E6;68;85;90;195;53;79;25;90;9965
light-brilliant-red;Light Brilliant Red;#fe2e2e;100;18;18;0;99;59;82;100;5705
light-brown;Light Brown;#B5651D;71;40;11;28;72;41;84;71;16077
light-carmine-pink;Light Carmine Pink;#E66771;90;40;44;355;72;65;55;90;12942
light-cobalt-blue;Light Cobalt Blue;#88ACE0;53;67;88;215;59;71;39;88;13430
light-coral;Light Coral;#F08080;94;50;50;0;79;72;47;94;8971
light-cornflower-blue;Light Cornflower Blue;#93CCEA;58;80;92;201;67;75;37;92;22090
light-crimson;Light Crimson;#F56991;96;41;57;343;88;69;57;96;3990
light-cyan;Light Cyan;#E0FFFF;88;100;100;180;100;94;12;100;11643
light-deep-pink;Light Deep Pink;#FF5CCD;100;36;80;318;100;68;64;100;3816
light-french-beige;Light French Beige;#C8AD7F;78;68;50;38;40;64;37;78;12841
light-fuchsia-pink;Light Fuchsia Pink;#F984EF;98;52;94;305;91;75;47;98;1475
light-goldenrod-yellow;Light Goldenrod Yellow;#FAFAD2;98;98;82;60;80;90;16;98;19450
light-gray;Light Gray;#D3D3D3;83;83;83;0;0;83;0;83;19214
light-grayish-magenta;Light Grayish Magenta;#CC99CC;80;60;80;300;33;70;25;80;5989
light-green;Light Green;#90EE90;56;93;56;120;73;75;39;93;32288
light-hot-pink;Light Hot Pink;#FFB3DE;100;70;87;326;100;85;30;100;22137
light-khaki;Light Khaki;#F0E68C;94;90;55;54;77;75;42;94;21120
light-medium-orchid;Light Medium Orchid;#D39BCB;83;61;80;309;39;72;27;83;10469
light-moss-green;Light Moss Green;#ADDFAD;68;87;68;120;44;78;22;87;14805
light-orchid;Light Orchid;#E6A8D7;90;66;84;315;55;78;27;90;16829
light-pastel-purple;Light Pastel Purple;#B19CD9;69;61;85;261;45;73;28;85;23738
light-pink;Light Pink;#FFB6C1;100;71;76;351;100;86;29;100;25199
light-red-ochre;Light Red Ochre;#E97451;91;45;32;14;78;62;65;91;12752
light-salmon;Light Salmon;#FFA07A;100;63;48;17;100;74;52;100;17028
light-salmon-pink;Light Salmon Pink;#FF9999;100;60;60;0;100;80;40;100;25619
light-sea-green;Light Sea Green;#20B2AA;13;70;67;177;70;41;82;70;2927
light-sky-blue;Light Sky Blue;#87CEFA;53;81;98;203;92;75;46;98;21031
light-slate-gray;Light Slate Gray;#778899;47;53;60;210;14;53;22;60;10732
light-steel-blue;Light Steel Blue;#B0C4DE;69;77;87;214;41;78;21;87;21145
light-taupe;Light Taupe;#B38B6D;70;55;43;26;32;56;39;70;26973
light-thulian-pink;Light Thulian Pink;#E68FAC;90;56;67;340;64;73;38;90;20697
light-yellow;Light Yellow;#FFFFE0;100;100;88;60;100;94;12;100;26850
lilac;Lilac;#C8A2C8;78;64;78;300;26;71;19;78;10282
lime-color-wheel;Lime (Color Wheel);#BFFF00;75;100;0;75;100;50;100;100;871
lime-web-x11-green;Lime (Web) (X11 Green);#00FF00;0;100;0;120;100;50;100;100;7512
lime-green;Lime Green;#32CD32;20;80;20;120;61;50;76;80;19254
limerick;Limerick;#9DC209;62;76;4;72;91;40;95;76;22961
lincoln-green;Lincoln Green;#195905;10;35;2;106;89;18;94;35;11503
linen;Linen;#FAF0E6;98;94;90;30;67;94;8;98;30897
lion;Lion;#C19A6B;76;60;42;33;41;59;45;76;26777
liseran-purple;Liseran Purple;#DE6FA1;87;44;63;333;63;65;50;87;24344
little-boy-blue;Little Boy Blue;#6CA0DC;42;63;86;212;62;64;51;86;32372
liver;Liver;#674C47;40;30;28;9;18;34;31;40;13459
liver-dogs;Liver (Dogs);#B86D29;72;43;16;29;64;44;78;72;10790
liver-organ;Liver (Organ);#6C2E1F;42;18;12;12;55;27;71;42;5593
liver-chestnut;Liver Chestnut;#987456;60;45;34;27;28;47;43;60;12980
livid;Livid;#6699CC;40;60;80;210;50;60;50;80;159
lumber;Lumber;#FFE4CD;100;89;80;28;100;90;20;100;26713
lust;Lust;#E62020;90;13;13;0;80;51;86;90;23449
magenta;Magenta;#FF00FF;100;0;100;300;100;50;100;100;14964
magenta-crayola;Magenta (Crayola);#FF55A3;100;33;64;332;100;67;67;100;10774
magenta-dye;Magenta (Dye);#CA1F7B;79;12;48;328;73;46;85;79;14419
magenta-pantone;Magenta (Pantone);#D0417E;82;25;49;334;60;54;69;82;7396
magenta-process;Magenta (Process);#FF0090;100;0;56;326;100;50;100;100;23527
magenta-haze;Magenta Haze;#9F4576;62;27;46;327;39;45;57;62;31447
magenta-pink;Magenta-Pink;#CC338B;80;20;55;325;60;50;75;80;247
magic-mint;Magic Mint;#AAF0D1;67;94;82;153;70;80;29;94;26454
magnolia;Magnolia;#F8F4FF;97;96;100;262;100;98;4;100;19710
mahogany;Mahogany;#C04000;75;25;0;20;100;38;100;75;10979
maize;Maize;#FBEC5D;98;93;36;54;95;67;63;98;14832
majorelle-blue;Majorelle Blue;#6050DC;38;31;86;247;67;59;64;86;13916
malachite;Malachite;#0BDA51;4;85;32;140;90;45;95;85;31677
manatee;Manatee;#979AAA;59;60;67;231;10;63;11;67;8914
mango-tango;Mango Tango;#FF8243;100;51;26;20;100;63;74;100;24198
mantis;Mantis;#74C365;45;76;40;110;44;58;48;76;32548
mardi-gras;Mardi Gras;#880085;53;0;52;301;100;27;100;53;16427
marigold;Marigold;#EAA221;92;64;13;39;83;52;85;91;10684
maroon-crayola;Maroon (Crayola);#C32148;76;13;28;346;71;45;83;76;22742
maroon-html-css;Maroon (HTML/CSS);#800000;50;0;0;0;100;25;100;50;27930
maroon-x11;Maroon (X11);#B03060;69;19;38;338;57;44;73;69;8813
mauve;Mauve;#E0B0FF;88;69;100;276;100;85;31;100;16751
mauve-taupe;Mauve Taupe;#915F6D;57;37;43;343;21;47;34;57;19506
mauvelous;Mauvelous;#EF98AA;94;60;67;348;73;77;36;94;8418
may-green;May Green;#4C9141;30;57;25;112;38;41;55;57;30211
maya-blue;Maya Blue;#73C2FB;45;76;98;205;94;72;54;98;30296
meat-brown;Meat Brown;#E5B73B;90;72;23;44;77;56;74;90;14011
medium-aquamarine;Medium Aquamarine;#66DDAA;40;87;67;154;64;63;54;87;10423
medium-blue;Medium Blue;#0000CD;0;0;80;240;100;40;100;80;30455
medium-candy-apple-red;Medium Candy Apple Red;#E2062C;89;2;17;350;95;45;97;89;7957
medium-carmine;Medium Carmine;#AF4035;69;25;21;5;54;45;70;69;1104
medium-champagne;Medium Champagne;#F3E5AB;95;90;67;48;75;81;30;95;12652
medium-electric-blue;Medium Electric Blue;#035096;1;31;59;209;96;30;98;59;18731
medium-jungle-green;Medium Jungle Green;#1C352D;11;21;18;161;31;16;47;21;15524
medium-lavender-magenta;Medium Lavender Magenta;#DDA0DD;87;63;87;300;47;75;28;87;20048
medium-orchid;Medium Orchid;#BA55D3;73;33;83;288;59;58;60;83;9490
medium-persian-blue;Medium Persian Blue;#0067A5;0;40;65;203;100;32;100;65;14203
medium-purple;Medium Purple;#9370DB;58;44;86;260;60;65;49;86;20295
medium-red-violet;Medium Red-Violet;#BB3385;73;20;52;324;57;47;73;73;3177
medium-ruby;Medium Ruby;#AA4069;67;25;41;337;45;46;62;67;1146
medium-sea-green;Medium Sea Green;#3CB371;24;70;44;147;50;47;66;70;31275
medium-sky-blue;Medium Sky Blue;#80DAEB;50;85;92;190;73;71;46;92;18009
medium-slate-blue;Medium Slate Blue;#7B68EE;48;41;93;249;80;67;56;93;15062
medium-spring-bud;Medium Spring Bud;#C9DC87;79;86;53;73;55;70;39;86;30184
medium-spring-green;Medium Spring Green;#00FA9A;0;98;60;157;100;49;100;98;26923
medium-taupe;Medium Taupe;#674C47;40;30;28;9;18;34;31;40;6492
medium-turquoise;Medium Turquoise;#48D1CC;28;82;80;178;60;55;66;82;29964
medium-tuscan-red;Medium Tuscan Red;#79443B;47;27;23;9;34;35;51;47;10582
medium-vermilion;Medium Vermilion;#D9603B;85;38;23;14;68;54;73;85;17177
medium-violet-red;Medium Violet-Red;#C71585;78;8;52;322;81;43;89;78;19938
mellow-apricot;Mellow Apricot;#F8B878;97;72;47;30;90;72;52;97;5744
mellow-yellow;Mellow Yellow;#F8DE7E;97;87;49;47;90;73;49;97;25990
melon;Melon;#FDBCB4;99;74;71;7;95;85;29;99;3922
metallic-seaweed;Metallic Seaweed;#0A7E8C;4;49;55;186;87;29;93;55;25250
metallic-sunburst;Metallic Sunburst;#9C7C38;61;49;22;41;47;42;64;61;1640
mexican-pink;Mexican Pink;#E4007C;89;0;49;327;100;45;100;89;1365
midnight-blue;Midnight Blue;#191970;10;10;44;240;64;27;78;44;22778
midnight-green-eagle-green;Midnight Green (Eagle Green);#004953;0;29;33;187;100;16;100;33;15652
mikado-yellow;Mikado Yellow;#FFC40C;100;77;5;45;100;52;95;100;11788
mindaro;Mindaro;#E3F988;89;98;53;72;90;75;45;98;20466
ming;Ming;#36747D;21;45;49;188;40;35;56;49;23609
mint;Mint;#3EB489;24;71;54;158;49;47;66;71;12892
mint-cream;Mint Cream;#F5FFFA;96;100;98;150;100;98;4;100;350
mint-green;Mint Green;#98FF98;60;100;60;120;100;80;40;100;9572
misty-rose;Misty Rose;#FFE4E1;100;89;88;6;100;94;12;100;28416
moccasin;Moccasin;#FAEBD7;98;92;84;34;78;91;14;98;20398
mode-beige;Mode Beige;#967117;59;44;9;43;73;34;85;59;19063
moonstone-blue;Moonstone Blue;#73A9C2;45;66;76;199;39;61;41;76;9852
mordant-red-19;Mordant Red 19;#AE0C00;68;5;0;4;100;34;100;68;7925
moss-green;Moss Green;#8A9A5B;54;60;36;75;26;48;41;60;22240
mountain-meadow;Mountain Meadow;#30BA8F;19;73;56;161;59;46;74;73;10998
mountbatten-pink;Mountbatten Pink;#997A8D;60;48;55;323;13;54;20;60;6432
msu-green;MSU Green;#18453B;9;27;23;167;48;18;65;27;7481
mughal-green;Mughal Green;#306030;19;38;19;120;33;28;50;38;26060
mulberry;Mulberry;#C54B8C;77;29;55;328;51;53;62;77;3848
mustard;Mustard;#FFDB58;100;86;35;47;100;67;65;100;1636
myrtle-green;Myrtle Green;#317873;19;47;45;176;42;33;59;47;32552
nadeshiko-pink;Nadeshiko Pink;#F6ADC6;96;68;78;339;80;82;30;96;1045
napier-green;Napier Green;#2A8000;16;50;0;100;100;25;100;50;12219
naples-yellow;Naples Yellow;#FADA5E;98;85;37;48;94;67;62;98;16961
navajo-white;Navajo White;#FFDEAD;100;87;68;36;100;84;32;100;20983
navy;Navy;#000080;0;0;50;240;100;25;100;50;17963
navy-purple;Navy Purple;#9457EB;58;34;92;265;79;63;63;92;10184
neon-carrot;Neon Carrot;#FFA343;100;64;26;31;100;63;74;100;24905
neon-fuchsia;Neon Fuchsia;#FE4164;100;25;39;349;99;63;74;100;10446
neon-green;Neon Green;#39FF14;22;100;8;111;100;54;92;100;11824
new-car;New Car;#214FC6;13;31;78;223;71;45;83;78;26270
new-york-pink;New York Pink;#D7837F;84;51;50;3;52;67;41;84;456
non-photo-blue;Non-Photo Blue;#A4DDED;64;87;93;193;67;79;31;93;27476
north-texas-green;North Texas Green;#059033;2;56;20;140;93;29;97;56;5290
nyanza;Nyanza;#E9FFDB;91;100;86;97;100;93;14;100;20922
ocean-boat-blue;Ocean Boat Blue;#0077BE;0;47;75;202;100;37;100;75;18317
ochre;Ochre;#CC7722;80;47;13;30;71;47;83;80;18183
office-green;Office Green;#008000;0;50;0;120;100;25;100;50;21272
old-burgundy;Old Burgundy;#43302E;26;19;18;6;19;22;31;26;27890
old-gold;Old Gold;#CFB53B;81;71;23;49;61;52;71;81;13831
old-heliotrope;Old Heliotrope;#563C5C;34;24;36;289;21;30;35;36;8902
old-lace;Old Lace;#FDF5E6;99;96;90;39;85;95;9;99;14185
old-lavender;Old Lavender;#796878;47;41;47;304;8;44;14;47;23683
old-mauve;Old Mauve;#673147;40;19;28;336;36;30;52;40;16828
old-moss-green;Old Moss Green;#867E36;53;49;21;54;43;37;60;53;3657
old-rose;Old Rose;#C08081;75;50;51;359;34;63;33;75;1913
old-silver;Old Silver;#848482;52;52;51;60;1;51;2;52;23260
olive;Olive;#808000;50;50;0;60;100;25;100;50;11138
olive-drab-#3;Olive Drab (#3);#6B8E23;42;56;14;80;60;35;75;56;27973
olive-drab-#7;Olive Drab #7;#3C341F;24;20;12;43;32;18;48;24;27109
olivine;Olivine;#9AB973;60;73;45;87;33;59;38;73;12774
onyx;Onyx;#353839;21;22;22;195;4;22;7;22;27758
opera-mauve;Opera Mauve;#B784A7;72;52;65;319;26;62;28;72;28154
orange-color-wheel;Orange (Color Wheel);#FF7F00;100;50;0;30;100;50;100;100;24993
orange-crayola;Orange (Crayola);#FF7538;100;46;22;18;100;61;78;100;11951
orange-pantone;Orange (Pantone);#FF5800;100;35;0;21;100;50;100;100;16369
orange-ryb;Orange (RYB);#FB9902;98;60;1;36;98;50;99;98;10189
orange-web;Orange (Web);#FFA500;100;65;0;39;100;50;100;100;22135
orange-peel;Orange Peel;#FF9F00;100;62;0;37;100;50;100;100;8507
orange-red;Orange-Red;#FF4500;100;27;0;16;100;50;100;100;20635
orange-yellow;Orange-Yellow;#F8D568;97;84;41;45;91;69;58;97;1192
orchid;Orchid;#DA70D6;85;44;84;302;59;65;49;85;2009
orchid-pink;Orchid Pink;#F2BDCD;95;74;80;342;67;85;22;95;21091
orioles-orange;Orioles Orange;#FB4F14;98;31;8;15;97;53;92;98;28668
otter-brown;Otter Brown;#654321;40;26;13;30;51;26;67;40;7300
outer-space;Outer Space;#414A4C;25;29;30;191;8;28;14;30;9246
outrageous-orange;Outrageous Orange;#FF6E4A;100;43;29;12;100;65;71;100;14218
oxford-blue;Oxford Blue;#002147;0;13;28;212;100;14;100;28;25483
ou-crimson-red;OU Crimson Red;#990000;60;0;0;0;100;30;100;60;30518
pakistan-green;Pakistan Green;#006600;0;40;0;120;100;20;100;40;9340
palatinate-blue;Palatinate Blue;#273BE2;15;23;89;234;76;52;83;89;6546
palatinate-purple;Palatinate Purple;#682860;41;16;38;308;44;28;62;41;6653
pale-aqua;Pale Aqua;#BCD4E6;74;83;90;206;46;82;18;90;23525
pale-blue;Pale Blue;#AFEEEE;69;93;93;180;65;81;26;93;30230
pale-brown;Pale Brown;#987654;60;46;33;30;29;46;45;60;23481
pale-carmine;Pale Carmine;#AF4035;69;25;21;5;54;45;70;69;27182
pale-cerulean;Pale Cerulean;#9BC4E2;61;77;89;205;55;75;31;89;32143
pale-chestnut;Pale Chestnut;#DDADAF;87;68;69;358;41;77;22;87;13973
pale-copper;Pale Copper;#DA8A67;85;54;40;18;61;63;53;85;5552
pale-cornflower-blue;Pale Cornflower Blue;#ABCDEF;67;80;94;210;68;80;28;94;27349
pale-cyan;Pale Cyan;#87D3F8;53;83;97;200;89;75;46;97;8314
pale-gold;Pale Gold;#E6BE8A;90;75;54;34;65;72;40;90;18326
pale-goldenrod;Pale Goldenrod;#EEE8AA;93;91;67;55;67;80;29;93;22339
pale-green;Pale Green;#98FB98;60;98;60;120;93;79;39;98;3700
pale-lavender;Pale Lavender;#DCD0FF;86;82;100;255;100;91;18;100;10552
pale-magenta;Pale Magenta;#F984E5;98;52;90;310;91;75;47;98;1522
pale-magenta-pink;Pale Magenta-Pink;#ff99cc;100;60;80;330;100;80;40;100;20070
pale-pink;Pale Pink;#FADADD;98;85;87;354;76;92;13;98;20741
pale-plum;Pale Plum;#DDA0DD;87;63;87;300;47;75;28;87;23658
pale-red-violet;Pale Red-Violet;#DB7093;86;44;58;340;60;65;49;86;28577
pale-robin-egg-blue;Pale Robin Egg Blue;#96DED1;59;87;82;169;52;73;32;87;8608
pale-silver;Pale Silver;#C9C0BB;79;75;73;21;11;76;7;79;24850
pale-spring-bud;Pale Spring Bud;#ECEBBD;93;92;74;59;55;83;20;93;30586
pale-taupe;Pale Taupe;#BC987E;74;60;49;25;32;62;33;74;29699
pale-turquoise;Pale Turquoise;#AFEEEE;69;93;93;180;65;81;26;93;20750
pale-violet;Pale Violet;#CC99FF;80;60;100;270;100;80;40;100;5118
pale-violet-red;Pale Violet-Red;#DB7093;86;44;58;340;60;65;49;86;6177
pansy-purple;Pansy Purple;#78184A;47;9;29;329;67;28;80;47;2200
paolo-veronese-green;Paolo Veronese Green;#009B7D;0;61;49;168;100;30;100;61;30601
papaya-whip;Papaya Whip;#FFEFD5;100;94;84;37;100;92;16;100;3928
paradise-pink;Paradise Pink;#E63E62;90;24;38;347;77;57;73;90;11540
paris-green;Paris Green;#50C878;31;78;47;140;52;55;60;78;4380
pastel-blue;Pastel Blue;#AEC6CF;68;78;81;196;26;75;16;81;10581
pastel-brown;Pastel Brown;#836953;51;41;33;28;22;42;37;51;2297
pastel-gray;Pastel Gray;#CFCFC4;81;81;77;60;10;79;5;81;1842
pastel-green;Pastel Green;#77DD77;47;87;47;120;60;67;46;87;1294
pastel-magenta;Pastel Magenta;#F49AC2;96;60;76;333;80;78;37;96;29479
pastel-orange;Pastel Orange;#FFB347;100;70;28;35;100;64;72;100;1217
pastel-pink;Pastel Pink;#DEA5A4;87;65;64;1;47;76;26;87;15267
pastel-purple;Pastel Purple;#B39EB5;70;62;71;295;13;66;13;71;2263
pastel-red;Pastel Red;#FF6961;100;41;38;3;100;69;62;100;28566
pastel-violet;Pastel Violet;#CB99C9;80;60;79;302;32;70;25;80;23582
pastel-yellow;Pastel Yellow;#FDFD96;99;99;59;60;96;79;41;99;20590
patriarch;Patriarch;#800080;50;0;50;300;100;25;100;50;18137
paynes-grey;Payne's Grey;#536878;33;41;47;206;18;40;31;47;27282
peach;Peach;#FFE5B4;100;90;71;39;100;85;29;100;31142
peach-orange;Peach-Orange;#FFCC99;100;80;60;30;100;80;40;100;19660
peach-puff;Peach Puff;#FFDAB9;100;85;73;28;100;86;27;100;14584
peach-yellow;Peach-Yellow;#FADFAD;98;87;68;39;89;83;31;98;19115
pear;Pear;#D1E231;82;89;19;66;75;54;78;89;10550
pearl;Pearl;#EAE0C8;92;88;78;42;45;85;15;92;10393
pearl-aqua;Pearl Aqua;#88D8C0;53;85;75;162;51;69;37;85;27723
pearly-purple;Pearly Purple;#B768A2;72;41;64;316;35;56;43;72;2632
peridot;Peridot;#E6E200;90;89;0;59;100;45;100;90;8212
periwinkle;Periwinkle;#CCCCFF;80;80;100;240;100;90;20;100;24654
persian-blue;Persian Blue;#1C39BB;11;22;73;229;74;42;85;73;23382
persian-green;Persian Green;#00A693;0;65;58;173;100;33;100;65;13330
persian-indigo;Persian Indigo;#32127A;20;7;48;258;74;27;85;48;30832
persian-orange;Persian Orange;#D99058;85;56;35;26;63;60;59;85;25583
persian-pink;Persian Pink;#F77FBE;97;50;75;329;88;73;49;97;11164
persian-plum;Persian Plum;#701C1C;44;11;11;0;60;27;75;44;1992
persian-red;Persian Red;#CC3333;80;20;20;0;60;50;75;80;4355
persian-rose;Persian Rose;#FE28A2;100;16;64;326;99;58;84;100;15544
persimmon;Persimmon;#EC5800;93;35;0;22;100;46;100;93;12573
peru;Peru;#CD853F;80;52;25;30;59;53;69;80;6653
phlox;Phlox;#DF00FF;87;0;100;292;100;50;100;100;17386
phthalo-blue;Phthalo Blue;#000F89;0;6;54;233;100;27;100;54;13867
phthalo-green;Phthalo Green;#123524;7;21;14;151;49;14;66;21;3364
picton-blue;Picton Blue;#45B1E8;27;69;91;200;78;59;70;91;18603
pictorial-carmine;Pictorial Carmine;#C30B4E;76;4;31;338;89;40;94;76;29134
piggy-pink;Piggy Pink;#FDDDE6;99;87;90;343;89;93;13;99;5628
pine-green;Pine Green;#01796F;0;47;44;175;98;24;99;47;14402
pineapple;Pineapple;#563C5C;34;24;5;289;74;19;35;36;19948
pink;Pink;#FFC0CB;100;75;80;350;100;88;25;100;26218
pink-pantone;Pink (Pantone);#D74894;84;28;58;328;64;56;67;84;32539
pink-lace;Pink Lace;#FFDDF4;100;87;96;319;100;93;13;100;14463
pink-lavender;Pink Lavender;#D8B2D1;85;70;82;311;33;77;18;85;24592
pink-orange;Pink-Orange;#FF9966;100;60;40;20;100;70;60;100;19431
pink-pearl;Pink Pearl;#E7ACCF;91;67;81;324;55;79;26;91;29047
pink-raspberry;Pink Raspberry;#980036;60;0;21;339;100;30;100;60;10939
pink-sherbet;Pink Sherbet;#F78FA7;97;56;65;346;87;76;42;97;29981
pistachio;Pistachio;#93C572;58;77;45;96;42;61;42;77;6673
platinum;Platinum;#E5E4E2;90;89;89;40;5;89;1;90;5894
plum;Plum;#8E4585;56;27;52;307;35;41;51;56;32613
plum-web;Plum (Web);#DDA0DD;87;63;87;300;47;75;28;87;14885
pomp-and-power;Pomp And Power;#86608E;53;38;56;290;19;47;32;56;30548
popstar;Popstar;#BE4F62;75;31;38;350;46;53;58;75;23228
portland-orange;Portland Orange;#FF5A36;100;35;21;11;100;61;79;100;28215
powder-blue;Powder Blue;#B0E0E6;69;88;90;187;52;80;23;90;28612
princeton-orange;Princeton Orange;#F58025;96;50;15;26;91;55;85;96;16043
prune;Prune;#701C1C;44;11;11;0;60;27;75;44;6611
prussian-blue;Prussian Blue;#003153;0;19;33;205;100;16;100;33;30604
psychedelic-purple;Psychedelic Purple;#DF00FF;87;0;100;292;100;50;100;100;20398
puce;Puce;#CC8899;80;53;60;345;40;67;33;80;22155
puce-red;Puce Red;#722F37;45;18;22;353;42;32;59;45;10409
pullman-brown-ups-brown;Pullman Brown (UPS Brown);#644117;39;25;9;33;63;24;77;39;27051
pullman-green;Pullman Green;#3B331C;23;20;11;45;36;17;36;59;6773
pumpkin;Pumpkin;#FF7518;100;46;9;24;100;55;91;100;24276
purple-html;Purple (HTML);#800080;50;0;50;300;100;25;100;50;30416
purple-munsell;Purple (Munsell);#9F00C5;62;0;77;288;100;39;100;77;25377
purple-x11;Purple (X11);#A020F0;63;13;94;277;87;53;87;94;20643
purple-heart;Purple Heart;#69359C;41;21;61;270;49;41;66;61;3276
purple-mountain-majesty;Purple Mountain Majesty;#9678B6;59;47;71;269;30;59;34;71;7011
purple-navy;Purple Navy;#4E5180;31;32;50;236;24;40;39;50;7823
purple-pizzazz;Purple Pizzazz;#FE4EDA;100;31;85;312;99;65;69;100;29494
purple-taupe;Purple Taupe;#50404D;31;25;30;311;11;28;20;31;6782
purpureus;Purpureus;#9A4EAE;60;31;68;288;38;49;55;68;22286
quartz;Quartz;#51484F;32;28;31;313;6;30;11;32;21318
queen-blue;Queen Blue;#436B95;26;42;58;211;38;42;55;58;26214
queen-pink;Queen Pink;#E8CCD7;91;80;84;336;38;85;12;91;18566
quinacridone-magenta;Quinacridone Magenta;#8E3A59;56;23;35;338;42;39;59;56;32257
rackley;Rackley;#5D8AA8;36;54;66;204;30;51;45;66;23427
radical-red;Radical Red;#FF355E;100;21;37;348;100;60;79;100;25239
rajah;Rajah;#FBAB60;98;67;38;29;95;68;62;98;5383
raspberry;Raspberry;#E30B5D;89;4;36;337;91;47;95;89;23273
raspberry-glace;Raspberry Glace;#915F6D;57;37;43;343;21;47;34;57;7356
raspberry-pink;Raspberry Pink;#E25098;89;31;60;330;72;60;65;89;3163
raspberry-rose;Raspberry Rose;#B3446C;70;27;42;338;45;48;62;70;13733
raw-umber;Raw Umber;#826644;51;40;27;33;31;39;48;51;2803
razzle-dazzle-rose;Razzle Dazzle Rose;#FF33CC;100;20;80;315;100;60;80;100;31776
razzmatazz;Razzmatazz;#E3256B;89;15;42;338;77;52;84;89;29776
razzmic-berry;Razzmic Berry;#8D4E85;55;31;52;308;29;43;45;55;9415
rebecca-purple;Rebecca Purple;#663399;40;20;60;270;49;40;67;60;29612
red;Red;#FF0000;100;0;0;0;100;50;100;100;17406
red-crayola;Red (Crayola);#EE204D;93;13;30;347;86;53;87;93;31570
red-munsell;Red (Munsell);#F2003C;95;0;24;345;100;47;100;95;7254
red-ncs;Red (NCS);#C40233;77;1;20;345;98;39;99;77;11690
red-pantone;Red (Pantone);#ED2939;93;16;22;355;84;55;83;93;5576
red-pigment;Red (Pigment);#ED1C24;93;11;14;358;85;52;88;93;31530
red-ryb;Red (RYB);#FE2712;100;15;7;5;99;53;93;100;9338
red-brown;Red-Brown;#A52A2A;65;16;16;0;59;41;75;65;30953
red-devil;Red Devil;#860111;53;0;7;353;99;26;99;53;19405
red-orange;Red-Orange;#FF5349;100;33;29;3;100;64;71;100;12614
red-purple;Red-Purple;#E40078;89;0;47;328;100;45;100;89;5196
red-violet;Red-Violet;#C71585;78;8;52;322;81;43;89;78;27229
redwood;Redwood;#A45A52;64;35;32;6;33;48;50;64;9340
regalia;Regalia;#522D80;32;18;50;267;48;34;65;50;11978
registration-black;Registration Black;#000000;0;0;0;—;0;0;0;0;16747
resolution-blue;Resolution Blue;#002387;0;14;53;224;100;26;100;53;30658
rhythm;Rhythm;#777696;47;46;59;242;13;53;21;59;5424
rich-black;Rich Black;#004040;0;25;25;180;100;13;100;25;2545
rich-black-fogra-29;Rich Black (FOGRA29);#010B13;0;4;7;207;90;4;95;8;30147
rich-black-fogra-39;Rich Black (FOGRA39);#010203;0;1;1;210;50;1;67;1;28852
rich-brilliant-lavender;Rich Brilliant Lavender;#F1A7FE;95;65;100;291;98;83;34;100;27784
rich-carmine;Rich Carmine;#D70040;84;0;25;342;100;42;100;84;2762
rich-electric-blue;Rich Electric Blue;#0892D0;3;57;82;199;93;42;96;82;19357
rich-lavender;Rich Lavender;#A76BCF;65;42;81;276;51;62;48;81;2372
rich-lilac;Rich Lilac;#B666D2;71;40;82;284;55;61;51;82;5925
rich-maroon;Rich Maroon;#B03060;69;19;38;338;57;44;73;69;322
rifle-green;Rifle Green;#444C38;27;30;22;84;15;26;26;30;5176
roast-coffee;Roast Coffee;#704241;44;26;25;1;27;35;42;44;4933
robin-egg-blue;Robin Egg Blue;#00CCCC;0;80;80;180;100;40;100;80;30098
rocket-metallic;Rocket Metallic;#8A7F80;54;50;50;355;4;52;8;54;14591
roman-silver;Roman Silver;#838996;51;54;59;221;8;55;13;59;1778
rose;Rose;#FF007F;100;0;50;330;100;50;100;100;14736
rose-bonbon;Rose Bonbon;#F9429E;98;26;62;330;94;62;73;98;13393
rose-ebony;Rose Ebony;#674846;40;28;27;4;19;34;32;40;9032
rose-gold;Rose Gold;#B76E79;72;43;47;351;34;57;40;72;26426
rose-madder;Rose Madder;#E32636;89;15;21;355;77;52;83;89;18969
rose-pink;Rose Pink;#FF66CC;100;40;80;320;100;70;60;100;7794
rose-quartz;Rose Quartz;#AA98A9;67;60;66;303;10;63;11;67;2996
rose-red;Rose Red;#C21E56;76;12;34;340;73;44;85;76;17154
rose-taupe;Rose Taupe;#905D5D;56;36;36;0;22;46;35;56;27200
rose-vale;Rose Vale;#AB4E52;67;31;32;357;37;49;54;67;15610
rosewood;Rosewood;#65000B;40;0;4;353;100;20;100;40;22350
rosso-corsa;Rosso Corsa;#D40000;83;0;0;0;100;42;100;83;21661
rosy-brown;Rosy Brown;#BC8F8F;74;56;56;0;25;65;24;74;24950
royal-azure;Royal Azure;#0038A8;0;22;66;220;100;33;100;66;1561
royal-blue;Royal Blue;#002366;0;14;40;219;100;20;100;40;5640
royal-fuchsia;Royal Fuchsia;#CA2C92;79;17;57;321;64;48;78;79;22840
royal-purple;Royal Purple;#7851A9;47;32;66;267;35;49;52;66;6985
royal-yellow;Royal Yellow;#FADA5E;98;85;37;48;94;67;62;98;8186
ruber;Ruber;#CE4676;81;27;46;339;58;54;66;81;20219
rubine-red;Rubine Red;#D10056;82;0;34;335;100;41;100;82;3069
ruby;Ruby;#E0115F;88;7;37;337;86;47;92;88;3202
ruby-red;Ruby Red;#9B111E;61;7;12;354;80;34;89;61;22981
ruddy;Ruddy;#FF0028;100;0;16;351;100;50;100;100;22426
ruddy-brown;Ruddy Brown;#BB6528;73;40;16;25;65;45;79;73;5575
ruddy-pink;Ruddy Pink;#E18E96;88;56;59;354;58;72;37;88;28907
rufous;Rufous;#A81C07;66;11;3;8;92;34;96;66;22748
russet;Russet;#80461B;50;27;11;26;65;30;79;50;10751
russian-green;Russian Green;#679267;40;57;40;120;17;49;29;57;1072
russian-violet;Russian Violet;#32174D;20;9;30;270;54;20;70;30;20078
rust;Rust;#B7410E;72;25;5;18;86;39;92;72;25342
rusty-red;Rusty Red;#DA2C43;85;17;26;352;70;51;80;85;2850
sacramento-state-green;Sacramento State Green;#00563F;0;34;25;164;100;17;100;34;2047
saddle-brown;Saddle Brown;#8B4513;55;27;7;25;76;31;86;55;5967
safety-orange;Safety Orange;#FF7800;100;47;0;28;100;50;100;100;11882
safety-orange-blaze-orange;Safety Orange (Blaze Orange);#FF6700;100;40;0;24;100;50;100;100;28473
safety-yellow;Safety Yellow;#EED202;93;82;1;53;98;47;99;93;24937
saffron;Saffron;#F4C430;96;77;19;45;90;57;80;96;19677
sage;Sage;#BCB88A;74;72;54;55;27;64;27;74;31470
st-patricks-blue;St. Patrick's Blue;#23297A;14;16;48;236;55;31;71;48;9323
salmon;Salmon;#FA8072;98;50;45;6;93;71;54;98;14109
salmon-pink;Salmon Pink;#FF91A4;100;57;64;350;100;78;43;100;14312
sand;Sand;#C2B280;76;70;50;45;35;63;34;76;31674
sand-dune;Sand Dune;#967117;59;44;9;43;73;34;85;59;3002
sandstorm;Sandstorm;#ECD540;93;84;25;52;82;59;73;93;6495
sandy-brown;Sandy Brown;#F4A460;96;64;38;28;87;67;61;96;467
sandy-taupe;Sandy Taupe;#967117;59;44;9;43;73;34;85;59;8642
sangria;Sangria;#92000A;57;0;4;356;100;29;100;57;29335
sap-green;Sap Green;#507D2A;31;49;16;93;50;33;66;49;7452
sapphire;Sapphire;#0F52BA;6;32;73;216;85;39;92;73;16828
sapphire-blue;Sapphire Blue;#0067A5;0;40;65;203;100;32;100;65;16787
satin-sheen-gold;Satin Sheen Gold;#CBA135;80;63;21;43;59;50;74;80;10522
scarlet;Scarlet;#FF2400;100;14;0;8;100;50;100;100;20031
schauss-pink;Schauss Pink;#FF91AF;100;57;69;344;100;78;43;100;7000
school-bus-yellow;School Bus Yellow;#FFD800;100;85;0;51;100;50;100;100;180
screamin-green;Screamin' Green;#76FF7A;46;100;48;122;100;73;54;100;25606
sea-blue;Sea Blue;#006994;0;41;58;197;100;29;100;58;3139
sea-green;Sea Green;#2E8B57;18;55;34;146;50;36;67;55;22929
seal-brown;Seal Brown;#59260B;20;8;8;0;43;14;60;20;3589
seashell;Seashell;#FFF5EE;100;96;93;25;100;97;7;100;4212
selective-yellow;Selective Yellow;#FFBA00;100;73;0;44;100;50;100;100;10239
sepia;Sepia;#704214;44;26;8;30;70;26;82;44;28931
shadow;Shadow;#8A795D;54;47;36;37;19;45;33;54;7062
shadow-blue;Shadow Blue;#778BA5;47;55;65;214;20;56;28;65;12286
shampoo;Shampoo;#FFCFF1;100;81;95;318;100;91;19;100;2130
shamrock-green;Shamrock Green;#009E60;0;62;38;156;100;31;100;62;18945
sheen-green;Sheen Green;#8FD400;56;83;0;80;100;42;100;83;7992
shimmering-blush;Shimmering Blush;#D98695;85;53;58;349;52;69;38;85;27067
shocking-pink;Shocking Pink;#FC0FC0;99;6;75;315;98;52;94;99;5854
shocking-pink-crayola;Shocking Pink (Crayola);#FF6FFF;100;44;100;300;100;72;56;100;6694
sienna;Sienna;#882D17;53;18;9;12;71;31;83;53;3623
silver;Silver;#C0C0C0;75;75;75;—;0;75;0;75;19963
silver-chalice;Silver Chalice;#ACACAC;67;67;67;—;0;67;0;67;21006
silver-lake-blue;Silver Lake Blue;#5D89BA;36;54;73;212;40;55;50;73;2529
silver-pink;Silver Pink;#C4AEAD;77;68;68;3;16;72;12;77;22965
silver-sand;Silver Sand;#BFC1C2;75;76;76;200;2;75;2;76;27501
sinopia;Sinopia;#CB410B;80;25;4;17;90;42;95;80;2996
skobeloff;Skobeloff;#007474;0;45;45;180;100;23;100;45;31607
sky-blue;Sky Blue;#87CEEB;53;81;92;197;71;73;43;92;24069
sky-magenta;Sky Magenta;#CF71AF;81;44;69;320;49;63;45;81;10448
slate-blue;Slate Blue;#6A5ACD;42;35;80;248;53;58;56;80;15668
slate-gray;Slate Gray;#708090;44;50;56;210;13;50;22;56;8088
smalt-dark-powder-blue;Smalt (Dark Powder Blue);#003399;0;20;60;220;100;30;100;60;20970
smitten;Smitten;#C84186;78;25;53;329;55;52;68;78;2931
smoke;Smoke;#738276;45;51;46;132;6;48;12;51;15088
smoky-black;Smoky Black;#100C08;6;5;3;30;33;5;50;6;21151
smoky-topaz;Smoky Topaz;#933D41;58;24;25;357;41;41;59;58;28537
snow;Snow;#FFFAFA;100;98;98;0;100;99;2;100;18228
soap;Soap;#CEC8EF;81;78;94;249;55;86;16;94;11312
solid-pink;Solid Pink;#893843;54;22;26;352;42;38;59;54;32126
sonic-silver;Sonic Silver;#757575;46;46;46;—;0;46;0;46;22440
spartan-crimson;Spartan Crimson;#9E1316;62;7;9;359;79;35;88;62;21551
space-cadet;Space Cadet;#1D2951;11;16;32;226;47;22;64;32;28289
spanish-bistre;Spanish Bistre;#807532;50;46;20;52;44;35;61;50;29502
spanish-blue;Spanish Blue;#0070B8;0;44;72;203;100;36;100;72;1070
spanish-carmine;Spanish Carmine;#D10047;82;0;28;340;100;41;100;82;30419
spanish-crimson;Spanish Crimson;#E51A4C;90;10;30;345;80;50;89;90;15679
spanish-gray;Spanish Gray;#989898;60;60;60;—;0;60;0;60;9062
spanish-green;Spanish Green;#009150;0;57;31;153;100;28;100;57;24719
spanish-orange;Spanish Orange;#E86100;91;38;0;25;100;45;100;91;21533
spanish-pink;Spanish Pink;#F7BFBE;97;75;75;1;78;86;23;97;15756
spanish-red;Spanish Red;#E60026;90;0;15;350;100;45;100;90;28342
spanish-sky-blue;Spanish Sky Blue;#00FFFF;0;100;100;180;100;50;100;100;8728
spanish-violet;Spanish Violet;#4C2882;30;16;51;264;53;33;69;51;3994
spanish-viridian;Spanish Viridian;#007F5C;0;50;36;163;100;25;100;50;30871
spicy-mix;Spicy Mix;#8B5f4D;55;37;30;17;29;42;45;55;31693
spiro-disco-ball;Spiro Disco Ball;#0FC0FC;6;75;99;195;98;52;94;99;31496
spring-bud;Spring Bud;#A7FC00;65;99;0;80;100;49;100;99;1099
spring-green;Spring Green;#00FF7F;0;100;50;150;100;50;100;100;30533
star-command-blue;Star Command Blue;#007BB8;0;48;72;200;100;36;100;72;22797
steel-blue;Steel Blue;#4682B4;27;51;71;207;44;49;61;71;11547
steel-pink;Steel Pink;#CC33CC;80;20;80;300;60;50;75;80;13433
stil-de-grain-yellow;Stil De Grain Yellow;#FADA5E;98;85;37;48;94;67;62;98;30885
stizza;Stizza;#990000;60;0;0;0;100;30;100;60;32518
stormcloud;Stormcloud;#4F666A;31;40;42;189;15;36;25;42;16364
straw;Straw;#E4D96F;89;85;44;54;68;66;51;89;13205
strawberry;Strawberry;#FC5A8D;99;35;55;341;96;67;64;99;20901
sunglow;Sunglow;#FFCC33;100;80;20;45;100;60;80;100;12133
sunray;Sunray;#E3AB57;89;67;34;36;71;62;62;89;31433
sunset;Sunset;#FAD6A5;98;84;65;35;89;81;34;98;32213
sunset-orange;Sunset Orange;#FD5E53;99;37;33;4;98;66;67;99;11491
super-pink;Super Pink;#CF6BA9;81;42;66;323;51;62;48;81;21105
tan;Tan;#D2B48C;82;71;55;34;44;69;33;82;20996
tangelo;Tangelo;#F94D00;98;30;0;19;100;49;100;98;7012
tangerine;Tangerine;#F28500;95;52;0;33;100;47;100;95;17840
tangerine-yellow;Tangerine Yellow;#FFCC00;100;80;0;48;100;50;100;100;22066
tango-pink;Tango Pink;#E4717A;89;44;48;355;68;67;50;89;4663
taupe;Taupe;#483C32;28;24;20;27;18;24;31;28;751
taupe-gray;Taupe Gray;#8B8589;55;52;54;320;3;53;4;55;31128
tea-green;Tea Green;#D0F0C0;82;94;75;100;62;85;20;94;29382
tea-rose;Tea Rose;#F88379;97;51;47;5;90;72;51;97;22285
teal;Teal;#008080;0;50;50;180;100;25;100;50;14116
teal-blue;Teal Blue;#367588;21;46;53;194;43;37;60;53;24956
teal-deer;Teal Deer;#99E6B3;60;90;70;140;61;75;33;90;31013
teal-green;Teal Green;#00827F;0;51;50;179;100;25;100;51;18111
telemagenta;Telemagenta;#CF3476;81;20;46;334;62;51;75;81;23059
tenné;Tenné;#CD5700;80;34;0;25;100;40;100;80;29939
terra-cotta;Terra Cotta;#E2725B;89;45;36;10;70;62;60;89;16839
thistle;Thistle;#D8BFD8;85;75;85;300;24;80;12;85;24158
thulian-pink;Thulian Pink;#DE6FA1;87;44;63;333;63;65;50;87;27704
tickle-me-pink;Tickle Me Pink;#FC89AC;99;54;67;342;95;76;46;99;6868
tiffany-blue;Tiffany Blue;#0ABAB5;4;73;71;178;90;38;95;73;2938
tigers-eye;Tiger\'s Eye;#E08D3C;88;55;24;30;73;56;73;88;8369
timberwolf;Timberwolf;#DBD7D2;86;84;82;33;11;84;4;86;4985
titanium-yellow;Titanium Yellow;#EEE600;93;90;0;58;100;47;100;93;2688
tomato;Tomato;#FF6347;100;39;28;9;100;64;72;100;24733
toolbox;Toolbox;#746CC0;45;42;75;246;40;59;44;75;18190
topaz;Topaz;#FFC87C;100;78;49;35;100;74;51;100;23589
tractor-red;Tractor Red;#FD0E35;99;5;21;350;98;52;94;99;4098
trolley-grey;Trolley Grey;#808080;50;50;50;—;0;50;0;50;16856
tropical-rain-forest;Tropical Rain Forest;#00755E;0;46;37;168;100;23;100;46;23034
true-blue;True Blue;#0073CF;0;45;81;207;100;41;100;81;15589
tufts-blue;Tufts Blue;#417DC1;25;49;76;212;51;51;66;76;5193
tulip;Tulip;#FF878D;100;53;55;357;100;76;47;100;11262
tumbleweed;Tumbleweed;#DEAA88;87;67;53;24;57;70;39;87;22601
turkish-rose;Turkish Rose;#B57281;71;45;51;347;31;58;37;71;23033
turquoise;Turquoise;#40E0D0;25;88;82;174;72;56;71;88;561
turquoise-blue;Turquoise Blue;#00FFEF;0;100;94;176;100;50;100;100;27264
turquoise-green;Turquoise Green;#A0D6B4;63;84;71;142;40;73;25;84;23785
tuscan;Tuscan;#FAD6A5;98;84;65;35;89;81;34;98;31689
tuscan-brown;Tuscan Brown;#6F4E37;44;31;22;25;34;33;50;44;23879
tuscan-red;Tuscan Red;#7C4848;49;28;28;0;27;38;42;49;13302
tuscan-tan;Tuscan Tan;#A67B5B;65;48;36;26;30;50;45;65;13038
tuscany;Tuscany;#C09999;75;60;60;0;24;68;20;75;16067
twilight-lavender;Twilight Lavender;#8A496B;54;29;42;329;31;41;47;54;11547
tyrian-purple;Tyrian Purple;#66023C;40;1;24;325;96;20;98;40;31149
ua-blue;UA Blue;#0033AA;0;20;67;222;100;33;100;67;6359
ua-red;UA Red;#D9004C;85;0;30;339;100;43;100;85;8718
ube;Ube;#8878C3;53;47;76;253;39;62;38;76;15220
ucla-blue;UCLA Blue;#536895;33;41;58;221;28;46;44;58;30517
ucla-gold;UCLA Gold;#FFB300;100;70;0;42;100;50;100;100;3654
ufo-green;UFO Green;#3CD070;24;82;44;141;61;53;71;82;22088
ultramarine;Ultramarine;#3F00FF;7;4;56;244;87;30;93;56;687
ultramarine-blue;Ultramarine Blue;#4166F5;25;40;96;228;90;61;73;96;12023
ultra-pink;Ultra Pink;#FF6FFF;100;44;100;300;100;72;56;100;27073
ultra-red;Ultra Red;#FC6C85;99;42;52;350;96;71;57;99;3375
umber;Umber;#635147;39;32;28;21;16;33;28;39;3988
unbleached-silk;Unbleached Silk;#FFDDCA;100;87;79;22;100;90;21;100;12495
united-nations-blue;United Nations Blue;#5B92E5;36;57;90;216;73;63;60;90;26964
university-of-california-gold;University Of California Gold;#B78727;72;53;15;40;65;44;79;72;8086
unmellow-yellow;Unmellow Yellow;#FFFF66;100;100;40;60;100;70;60;100;29351
up-forest-green;UP Forest Green;#014421;0;27;13;149;97;14;99;27;17230
up-maroon;UP Maroon;#7B1113;48;7;7;359;76;27;86;48;23675
upsdell-red;Upsdell Red;#AE2029;68;13;16;356;69;40;82;68;1777
urobilin;Urobilin;#E1AD21;88;68;13;44;76;51;85;88;28493
usafa-blue;USAFA Blue;#004F98;0;31;60;209;100;30;100;60;13508
usc-cardinal;USC Cardinal;#990000;60;0;0;0;100;30;100;60;24810
usc-gold;USC Gold;#FFCC00;100;80;0;48;100;50;100;100;29054
university-of-tennessee-orange;University Of Tennessee Orange;#F77F00;97;50;0;31;100;48;100;97;8005
utah-crimson;Utah Crimson;#D3003F;83;0;25;342;100;41;100;83;15827
vanilla;Vanilla;#F3E5AB;95;90;67;48;75;81;30;95;27975
vanilla-ice;Vanilla Ice;#F38FA9;95;56;66;344;81;76;41;95;31884
vegas-gold;Vegas Gold;#C5B358;77;70;35;50;48;56;55;77;29129
venetian-red;Venetian Red;#C80815;78;3;8;356;92;41;96;78;8245
verdigris;Verdigris;#43B3AE;26;70;68;177;46;48;63;70;15183
vermilion;Vermilion;#D9381E;85;22;12;8;76;48;86;85;7909
veronica;Veronica;#A020F0;63;13;94;277;87;53;87;94;6626
very-light-azure;Very Light Azure;#74BBFB;45;73;98;208;94;72;54;98;21542
very-light-blue;Very Light Blue;#6666FF;40;40;100;240;100;70;60;100;16627
very-light-malachite-green;Very Light Malachite Green;#64E986;39;91;53;135;75;65;57;91;21846
very-light-tangelo;Very Light Tangelo;#FFB077;100;69;47;25;100;73;53;100;19292
very-pale-orange;Very Pale Orange;#FFDFBF;100;87;75;30;100;88;25;100;20282
very-pale-yellow;Very Pale Yellow;#FFFFBF;100;100;75;60;100;88;25;100;11166
violet;Violet;#8F00FF;56;0;100;274;100;50;100;100;19979
violet-color-wheel;Violet (Color Wheel);#7F00FF;50;0;100;270;100;50;100;100;32305
violet-ryb;Violet (RYB);#8601AF;53;0;69;286;99;35;99;69;5471
violet-web;Violet (Web);#EE82EE;93;51;93;300;76;72;45;93;23355
violet-blue;Violet-Blue;#324AB2;20;29;70;229;56;45;72;70;3526
violet-red;Violet-Red;#F75394;97;33;58;336;91;65;66;97;17967
viridian;Viridian;#40826D;25;51;43;161;34;38;51;51;17551
viridian-green;Viridian Green;#009698;0;59;60;181;100;30;100;60;11612
vista-blue;Vista Blue;#7C9ED9;49;62;85;218;55;67;43;85;14550
vivid-amber;Vivid Amber;#cc9900;80;60;0;45;100;40;100;80;2014
vivid-auburn;Vivid Auburn;#922724;57;15;14;2;60;36;75;57;2520
vivid-burgundy;Vivid Burgundy;#9F1D35;62;11;21;349;69;37;82;62;16327
vivid-cerise;Vivid Cerise;#DA1D81;85;11;51;328;77;48;87;85;30507
vivid-cerulean;Vivid Cerulean;#00aaee;0;67;93;197;100;47;100;93;16028
vivid-crimson;Vivid Crimson;#CC0033;80;0;20;345;100;40;100;80;8370
vivid-gamboge;Vivid Gamboge;#FF9900;100;60;0;36;100;50;100;100;26793
vivid-lime-green;Vivid Lime Green;#a6d608;65;84;3;74;93;44;96;84;24033
vivid-malachite;Vivid Malachite;#00cc33;0;80;20;135;100;40;100;80;24197
vivid-mulberry;Vivid Mulberry;#B80CE3;72;5;89;288;90;47;95;89;22000
vivid-orange;Vivid Orange;#FF5F00;100;37;0;22;100;50;100;100;23149
vivid-orange-peel;Vivid Orange Peel;#FFA000;100;63;0;18;100;50;100;100;20559
vivid-orchid;Vivid Orchid;#CC00FF;80;0;100;288;100;50;100;100;30246
vivid-raspberry;Vivid Raspberry;#FF006C;100;0;42;335;100;50;100;100;5565
vivid-red;Vivid Red;#F70D1A;97;5;10;357;94;51;95;97;28468
vivid-red-tangelo;Vivid Red-Tangelo;#DF6124;87;38;14;20;75;51;84;87;4104
vivid-sky-blue;Vivid Sky Blue;#00CCFF;0;80;100;192;100;50;100;100;27107
vivid-tangelo;Vivid Tangelo;#F07427;94;45;15;23;87;55;84;94;12327
vivid-tangerine;Vivid Tangerine;#FFA089;100;63;54;12;100;77;46;100;25951
vivid-vermilion;Vivid Vermilion;#e56024;90;38;14;19;79;52;84;90;13631
vivid-violet;Vivid Violet;#9F00FF;62;0;100;277;100;50;100;100;32609
vivid-yellow;Vivid Yellow;#FFE302;100;89;1;53;100;50;99;100;4349
volt;Volt;#CEFF00;80;100;0;72;100;50;100;100;843
warm-black;Warm Black;#004242;0;26;26;180;100;13;100;25;32147
waterspout;Waterspout;#A4F4F9;64;96;98;184;88;81;34;98;9821
wenge;Wenge;#645452;39;33;32;7;10;36;18;39;24198
wheat;Wheat;#F5DEB3;96;87;70;39;77;83;27;96;2905
white;White;#FFFFFF;100;100;100;—;0;100;0;100;27788
white-smoke;White Smoke;#F5F5F5;96;96;96;—;0;96;0;96;8981
wild-blue-yonder;Wild Blue Yonder;#A2ADD0;64;68;82;226;33;73;22;82;14517
wild-orchid;Wild Orchid;#D470A2;83;44;64;330;54;64;47;83;9570
wild-strawberry;Wild Strawberry;#FF43A4;100;26;64;329;100;63;74;100;10995
wild-watermelon;Wild Watermelon;#FC6C85;99;42;52;350;96;71;57;99;17037
willpower-orange;Willpower Orange;#FD5800;99;35;0;21;100;50;100;99;25898
windsor-tan;Windsor Tan;#A75502;65;33;1;30;98;33;99;65;8734
wine;Wine;#722F37;45;18;22;353;42;32;59;45;298
wine-dregs;Wine Dregs;#673147;40;19;28;336;36;30;52;40;1500
wisteria;Wisteria;#C9A0DC;79;63;86;281;46;75;27;86;2759
wood-brown;Wood Brown;#C19A6B;76;60;42;33;41;59;45;76;24331
xanadu;Xanadu;#738678;45;53;47;136;8;49;14;53;25697
yale-blue;Yale Blue;#0F4D92;6;30;57;212;81;32;90;57;24760
yankees-blue;Yankees Blue;#1C2841;11;16;25;221;40;18;57;25;14713
yellow;Yellow;#FFFF00;100;100;0;60;100;50;100;100;13488
yellow-crayola;Yellow (Crayola);#FCE883;99;91;51;50;95;75;48;99;22238
yellow-munsell;Yellow (Munsell);#EFCC00;94;80;0;51;100;47;100;94;20278
yellow-ncs;Yellow (NCS);#FFD300;100;83;0;50;100;50;100;100;9188
yellow-pantone;Yellow (Pantone);#FEDF00;100;87;0;53;100;50;100;100;26342
yellow-process;Yellow (Process);#FFEF00;100;94;0;56;100;50;100;100;14617
yellow-ryb;Yellow (RYB);#FEFE33;100;100;20;60;99;60;80;100;21516
yellow-green;Yellow-Green;#9ACD32;60;80;20;80;61;50;76;80;19525
yellow-orange;Yellow Orange;#FFAE42;100;68;26;34;100;63;74;100;28249
yellow-rose;Yellow Rose;#FFF000;100;94;0;56;100;50;100;100;21357
zaffre;Zaffre;#0014A8;0;8;66;233;100;33;100;66;23875
zinnwaldite-brown;Zinnwaldite Brown;#2C1608;17;9;3;23;69;10;82;17;29092
zomp;Zomp;#39A78E;22;65;56;166;49;44;66;65;20736
