code;description;localized;enabled;end_of_use;qualification;categories
paint;Photo of a paint.;0;1;2006-05-12;backless,big_sizes,dress_suit,flower,neckline,pattern,pea,solid_color,stripes,vintage;images,situ
chicagoskyline;This is chicago!;1;1;;backless,big_sizes,dress_suit,flower,neckline,pattern,pea,solid_color,stripes,vintage;images
akene;Because Akeneo;0;1;2015-08-01;backless,big_sizes,dress_suit,flower,neckline,pattern,pea,solid_color,stripes,vintage;images
autumn;Leaves and water;0;1;2015-12-01;backless,big_sizes,dress_suit,flower,neckline,pattern,pea,solid_color,stripes,vintage;autre,images
bridge;Architectural bridge of a city, above water;0;1;;backless,big_sizes,dress_suit,flower,neckline,pattern,pea,solid_color,stripes,vintage;autre,images
dog;Obviously not a cat, but still an animal;0;1;2006-05-12;backless,big_sizes,dress_suit,flower,neckline,pattern,pea,solid_color,stripes,vintage;autre
eagle;;0;1;;backless,big_sizes,dress_suit,flower,lacework,men,neckline,pattern,pea,solid_color,stripes,vintage;autre
machine;A big machine;0;1;;backless,big_sizes,dress_suit,flower,neckline,pattern,pea,solid_color,stripes,vintage;autre
man_wall;;0;1;;backless,big_sizes,dress_suit,flower,neckline,pattern,pea,solid_color,stripes,vintage;situ
minivan;My car;0;1;;backless,big_sizes,dress_suit,flower,lacework,men,neckline,pattern,pea,solid_color,stripes,vintage;situ
mouette;Majestic animal;0;1;;backless,big_sizes,dress_suit,flower,neckline,pattern,pea,solid_color,stripes,vintage,women;situ
mountain;;0;1;;backless,big_sizes,dress_suit,flower,neckline,pattern,pea,solid_color,stripes,vintage;situ
mugs;;0;1;;backless,big_sizes,dress_suit,flower,neckline,pattern,pea,solid_color,stripes,vintage;
photo;;0;1;;;
tiger;Tiger of bengal, taken by J. Josh;0;1;2050-01-25;backless,big_sizes,dress_suit,flower,neckline,pattern,pea,solid_color,stripes,vintage;
